{
  "countries": {
    "AD": {
      "id": "AD",
      "name": "Andorra",
      "timezones": [
        "Europe/Andorra"
      ]
    },
    "AE": {
      "id": "AE",
      "name": "United Arab Emirates",
      "timezones": [
        "Asia/Dubai"
      ]
    },
    "AF": {
      "id": "AF",
      "name": "Afghanistan",
      "timezones": [
        "Asia/Kabul"
      ]
    },
    "AG": {
      "id": "AG",
      "name": "Antigua & Barbuda",
      "timezones": [
        "America/Port_of_Spain"
      ]
    },
    "AI": {
      "id": "AI",
      "name": "Anguilla",
      "timezones": [
        "America/Port_of_Spain"
      ]
    },
    "AL": {
      "id": "AL",
      "name": "Albania",
      "timezones": [
        "Europe/Tirane"
      ]
    },
    "AM": {
      "id": "AM",
      "name": "Armenia",
      "timezones": [
        "Asia/Yerevan"
      ]
    },
    "AO": {
      "id": "AO",
      "name": "Angola",
      "timezones": [
        "Africa/Lagos"
      ]
    },
    "AQ": {
      "id": "AQ",
      "name": "Antarctica",
      "timezones": [
        "Antarctica/Rothera",
        "Antarctica/Palmer",
        "Antarctica/Mawson",
        "Antarctica/Davis",
        "Antarctica/Casey",
        "Antarctica/Vostok",
        "Antarctica/DumontDUrville",
        "Antarctica/Syowa",
        "Antarctica/Troll",
        "Pacific/Auckland"
      ]
    },
    "AR": {
      "id": "AR",
      "name": "Argentina",
      "timezones": [
        "America/Argentina/Buenos_Aires",
        "America/Argentina/Cordoba",
        "America/Argentina/Salta",
        "America/Argentina/Jujuy",
        "America/Argentina/Tucuman",
        "America/Argentina/Catamarca",
        "America/Argentina/La_Rioja",
        "America/Argentina/San_Juan",
        "America/Argentina/Mendoza",
        "America/Argentina/San_Luis",
        "America/Argentina/Rio_Gallegos",
        "America/Argentina/Ushuaia"
      ]
    },
    "AS": {
      "id": "AS",
      "name": "Samoa (American)",
      "timezones": [
        "Pacific/Pago_Pago"
      ]
    },
    "AT": {
      "id": "AT",
      "name": "Austria",
      "timezones": [
        "Europe/Vienna"
      ]
    },
    "AU": {
      "id": "AU",
      "name": "Australia",
      "timezones": [
        "Australia/Lord_Howe",
        "Antarctica/Macquarie",
        "Australia/Hobart",
        "Australia/Currie",
        "Australia/Melbourne",
        "Australia/Sydney",
        "Australia/Broken_Hill",
        "Australia/Brisbane",
        "Australia/Lindeman",
        "Australia/Adelaide",
        "Australia/Darwin",
        "Australia/Perth",
        "Australia/Eucla"
      ]
    },
    "AW": {
      "id": "AW",
      "name": "Aruba",
      "timezones": [
        "America/Curacao"
      ]
    },
    "AX": {
      "id": "AX",
      "name": "Åland Islands",
      "timezones": [
        "Europe/Helsinki"
      ]
    },
    "AZ": {
      "id": "AZ",
      "name": "Azerbaijan",
      "timezones": [
        "Asia/Baku"
      ]
    },
    "BA": {
      "id": "BA",
      "name": "Bosnia & Herzegovina",
      "timezones": [
        "Europe/Belgrade"
      ]
    },
    "BB": {
      "id": "BB",
      "name": "Barbados",
      "timezones": [
        "America/Barbados"
      ]
    },
    "BD": {
      "id": "BD",
      "name": "Bangladesh",
      "timezones": [
        "Asia/Dhaka"
      ]
    },
    "BE": {
      "id": "BE",
      "name": "Belgium",
      "timezones": [
        "Europe/Brussels"
      ]
    },
    "BF": {
      "id": "BF",
      "name": "Burkina Faso",
      "timezones": [
        "Africa/Abidjan"
      ]
    },
    "BG": {
      "id": "BG",
      "name": "Bulgaria",
      "timezones": [
        "Europe/Sofia"
      ]
    },
    "BH": {
      "id": "BH",
      "name": "Bahrain",
      "timezones": [
        "Asia/Qatar"
      ]
    },
    "BI": {
      "id": "BI",
      "name": "Burundi",
      "timezones": [
        "Africa/Maputo"
      ]
    },
    "BJ": {
      "id": "BJ",
      "name": "Benin",
      "timezones": [
        "Africa/Lagos"
      ]
    },
    "BL": {
      "id": "BL",
      "name": "St Barthelemy",
      "timezones": [
        "America/Port_of_Spain"
      ]
    },
    "BM": {
      "id": "BM",
      "name": "Bermuda",
      "timezones": [
        "Atlantic/Bermuda"
      ]
    },
    "BN": {
      "id": "BN",
      "name": "Brunei",
      "timezones": [
        "Asia/Brunei"
      ]
    },
    "BO": {
      "id": "BO",
      "name": "Bolivia",
      "timezones": [
        "America/La_Paz"
      ]
    },
    "BQ": {
      "id": "BQ",
      "name": "Caribbean Netherlands",
      "timezones": [
        "America/Curacao"
      ]
    },
    "BR": {
      "id": "BR",
      "name": "Brazil",
      "timezones": [
        "America/Noronha",
        "America/Belem",
        "America/Fortaleza",
        "America/Recife",
        "America/Araguaina",
        "America/Maceio",
        "America/Bahia",
        "America/Sao_Paulo",
        "America/Campo_Grande",
        "America/Cuiaba",
        "America/Santarem",
        "America/Porto_Velho",
        "America/Boa_Vista",
        "America/Manaus",
        "America/Eirunepe",
        "America/Rio_Branco"
      ]
    },
    "BS": {
      "id": "BS",
      "name": "Bahamas",
      "timezones": [
        "America/Nassau"
      ]
    },
    "BT": {
      "id": "BT",
      "name": "Bhutan",
      "timezones": [
        "Asia/Thimphu"
      ]
    },
    "BW": {
      "id": "BW",
      "name": "Botswana",
      "timezones": [
        "Africa/Maputo"
      ]
    },
    "BY": {
      "id": "BY",
      "name": "Belarus",
      "timezones": [
        "Europe/Minsk"
      ]
    },
    "BZ": {
      "id": "BZ",
      "name": "Belize",
      "timezones": [
        "America/Belize"
      ]
    },
    "CA": {
      "id": "CA",
      "name": "Canada",
      "timezones": [
        "America/St_Johns",
        "America/Halifax",
        "America/Glace_Bay",
        "America/Moncton",
        "America/Goose_Bay",
        "America/Blanc-Sablon",
        "America/Toronto",
        "America/Nipigon",
        "America/Thunder_Bay",
        "America/Iqaluit",
        "America/Pangnirtung",
        "America/Resolute",
        "America/Atikokan",
        "America/Rankin_Inlet",
        "America/Winnipeg",
        "America/Rainy_River",
        "America/Regina",
        "America/Swift_Current",
        "America/Edmonton",
        "America/Cambridge_Bay",
        "America/Yellowknife",
        "America/Inuvik",
        "America/Creston",
        "America/Dawson_Creek",
        "America/Fort_Nelson",
        "America/Vancouver",
        "America/Whitehorse",
        "America/Dawson"
      ]
    },
    "CC": {
      "id": "CC",
      "name": "Cocos (Keeling) Islands",
      "timezones": [
        "Indian/Cocos"
      ]
    },
    "CD": {
      "id": "CD",
      "name": "Congo (Dem. Rep.)",
      "timezones": [
        "Africa/Maputo",
        "Africa/Lagos"
      ]
    },
    "CF": {
      "id": "CF",
      "name": "Central African Rep.",
      "timezones": [
        "Africa/Lagos"
      ]
    },
    "CG": {
      "id": "CG",
      "name": "Congo (Rep.)",
      "timezones": [
        "Africa/Lagos"
      ]
    },
    "CH": {
      "id": "CH",
      "name": "Switzerland",
      "timezones": [
        "Europe/Zurich"
      ]
    },
    "CI": {
      "id": "CI",
      "name": "Côte d'Ivoire",
      "timezones": [
        "Africa/Abidjan"
      ]
    },
    "CK": {
      "id": "CK",
      "name": "Cook Islands",
      "timezones": [
        "Pacific/Rarotonga"
      ]
    },
    "CL": {
      "id": "CL",
      "name": "Chile",
      "timezones": [
        "America/Santiago",
        "Pacific/Easter"
      ]
    },
    "CM": {
      "id": "CM",
      "name": "Cameroon",
      "timezones": [
        "Africa/Lagos"
      ]
    },
    "CN": {
      "id": "CN",
      "name": "China",
      "timezones": [
        "Asia/Shanghai",
        "Asia/Urumqi"
      ]
    },
    "CO": {
      "id": "CO",
      "name": "Colombia",
      "timezones": [
        "America/Bogota"
      ]
    },
    "CR": {
      "id": "CR",
      "name": "Costa Rica",
      "timezones": [
        "America/Costa_Rica"
      ]
    },
    "CU": {
      "id": "CU",
      "name": "Cuba",
      "timezones": [
        "America/Havana"
      ]
    },
    "CV": {
      "id": "CV",
      "name": "Cape Verde",
      "timezones": [
        "Atlantic/Cape_Verde"
      ]
    },
    "CW": {
      "id": "CW",
      "name": "Curacao",
      "timezones": [
        "America/Curacao"
      ]
    },
    "CX": {
      "id": "CX",
      "name": "Christmas Island",
      "timezones": [
        "Indian/Christmas"
      ]
    },
    "CY": {
      "id": "CY",
      "name": "Cyprus",
      "timezones": [
        "Asia/Nicosia"
      ]
    },
    "CZ": {
      "id": "CZ",
      "name": "Czech Republic",
      "timezones": [
        "Europe/Prague"
      ]
    },
    "DE": {
      "id": "DE",
      "name": "Germany",
      "timezones": [
        "Europe/Zurich",
        "Europe/Berlin"
      ]
    },
    "DJ": {
      "id": "DJ",
      "name": "Djibouti",
      "timezones": [
        "Africa/Nairobi"
      ]
    },
    "DK": {
      "id": "DK",
      "name": "Denmark",
      "timezones": [
        "Europe/Copenhagen"
      ]
    },
    "DM": {
      "id": "DM",
      "name": "Dominica",
      "timezones": [
        "America/Port_of_Spain"
      ]
    },
    "DO": {
      "id": "DO",
      "name": "Dominican Republic",
      "timezones": [
        "America/Santo_Domingo"
      ]
    },
    "DZ": {
      "id": "DZ",
      "name": "Algeria",
      "timezones": [
        "Africa/Algiers"
      ]
    },
    "EC": {
      "id": "EC",
      "name": "Ecuador",
      "timezones": [
        "America/Guayaquil",
        "Pacific/Galapagos"
      ]
    },
    "EE": {
      "id": "EE",
      "name": "Estonia",
      "timezones": [
        "Europe/Tallinn"
      ]
    },
    "EG": {
      "id": "EG",
      "name": "Egypt",
      "timezones": [
        "Africa/Cairo"
      ]
    },
    "EH": {
      "id": "EH",
      "name": "Western Sahara",
      "timezones": [
        "Africa/El_Aaiun"
      ]
    },
    "ER": {
      "id": "ER",
      "name": "Eritrea",
      "timezones": [
        "Africa/Nairobi"
      ]
    },
    "ES": {
      "id": "ES",
      "name": "Spain",
      "timezones": [
        "Europe/Madrid",
        "Africa/Ceuta",
        "Atlantic/Canary"
      ]
    },
    "ET": {
      "id": "ET",
      "name": "Ethiopia",
      "timezones": [
        "Africa/Nairobi"
      ]
    },
    "FI": {
      "id": "FI",
      "name": "Finland",
      "timezones": [
        "Europe/Helsinki"
      ]
    },
    "FJ": {
      "id": "FJ",
      "name": "Fiji",
      "timezones": [
        "Pacific/Fiji"
      ]
    },
    "FK": {
      "id": "FK",
      "name": "Falkland Islands",
      "timezones": [
        "Atlantic/Stanley"
      ]
    },
    "FM": {
      "id": "FM",
      "name": "Micronesia",
      "timezones": [
        "Pacific/Chuuk",
        "Pacific/Pohnpei",
        "Pacific/Kosrae"
      ]
    },
    "FO": {
      "id": "FO",
      "name": "Faroe Islands",
      "timezones": [
        "Atlantic/Faroe"
      ]
    },
    "FR": {
      "id": "FR",
      "name": "France",
      "timezones": [
        "Europe/Paris"
      ]
    },
    "GA": {
      "id": "GA",
      "name": "Gabon",
      "timezones": [
        "Africa/Lagos"
      ]
    },
    "GB": {
      "id": "GB",
      "name": "Britain (UK)",
      "timezones": [
        "Europe/London"
      ]
    },
    "GD": {
      "id": "GD",
      "name": "Grenada",
      "timezones": [
        "America/Port_of_Spain"
      ]
    },
    "GE": {
      "id": "GE",
      "name": "Georgia",
      "timezones": [
        "Asia/Tbilisi"
      ]
    },
    "GF": {
      "id": "GF",
      "name": "French Guiana",
      "timezones": [
        "America/Cayenne"
      ]
    },
    "GG": {
      "id": "GG",
      "name": "Guernsey",
      "timezones": [
        "Europe/London"
      ]
    },
    "GH": {
      "id": "GH",
      "name": "Ghana",
      "timezones": [
        "Africa/Accra"
      ]
    },
    "GI": {
      "id": "GI",
      "name": "Gibraltar",
      "timezones": [
        "Europe/Gibraltar"
      ]
    },
    "GL": {
      "id": "GL",
      "name": "Greenland",
      "timezones": [
        "America/Godthab",
        "America/Danmarkshavn",
        "America/Scoresbysund",
        "America/Thule"
      ]
    },
    "GM": {
      "id": "GM",
      "name": "Gambia",
      "timezones": [
        "Africa/Abidjan"
      ]
    },
    "GN": {
      "id": "GN",
      "name": "Guinea",
      "timezones": [
        "Africa/Abidjan"
      ]
    },
    "GP": {
      "id": "GP",
      "name": "Guadeloupe",
      "timezones": [
        "America/Port_of_Spain"
      ]
    },
    "GQ": {
      "id": "GQ",
      "name": "Equatorial Guinea",
      "timezones": [
        "Africa/Lagos"
      ]
    },
    "GR": {
      "id": "GR",
      "name": "Greece",
      "timezones": [
        "Europe/Athens"
      ]
    },
    "GS": {
      "id": "GS",
      "name": "South Georgia & the South Sandwich Islands",
      "timezones": [
        "Atlantic/South_Georgia"
      ]
    },
    "GT": {
      "id": "GT",
      "name": "Guatemala",
      "timezones": [
        "America/Guatemala"
      ]
    },
    "GU": {
      "id": "GU",
      "name": "Guam",
      "timezones": [
        "Pacific/Guam"
      ]
    },
    "GW": {
      "id": "GW",
      "name": "Guinea-Bissau",
      "timezones": [
        "Africa/Bissau"
      ]
    },
    "GY": {
      "id": "GY",
      "name": "Guyana",
      "timezones": [
        "America/Guyana"
      ]
    },
    "HK": {
      "id": "HK",
      "name": "Hong Kong",
      "timezones": [
        "Asia/Hong_Kong"
      ]
    },
    "HN": {
      "id": "HN",
      "name": "Honduras",
      "timezones": [
        "America/Tegucigalpa"
      ]
    },
    "HR": {
      "id": "HR",
      "name": "Croatia",
      "timezones": [
        "Europe/Belgrade"
      ]
    },
    "HT": {
      "id": "HT",
      "name": "Haiti",
      "timezones": [
        "America/Port-au-Prince"
      ]
    },
    "HU": {
      "id": "HU",
      "name": "Hungary",
      "timezones": [
        "Europe/Budapest"
      ]
    },
    "ID": {
      "id": "ID",
      "name": "Indonesia",
      "timezones": [
        "Asia/Jakarta",
        "Asia/Pontianak",
        "Asia/Makassar",
        "Asia/Jayapura"
      ]
    },
    "IE": {
      "id": "IE",
      "name": "Ireland",
      "timezones": [
        "Europe/Dublin"
      ]
    },
    "IL": {
      "id": "IL",
      "name": "Israel",
      "timezones": [
        "Asia/Jerusalem"
      ]
    },
    "IM": {
      "id": "IM",
      "name": "Isle of Man",
      "timezones": [
        "Europe/London"
      ]
    },
    "IN": {
      "id": "IN",
      "name": "India",
      "timezones": [
        "Asia/Kolkata"
      ]
    },
    "IO": {
      "id": "IO",
      "name": "British Indian Ocean Territory",
      "timezones": [
        "Indian/Chagos"
      ]
    },
    "IQ": {
      "id": "IQ",
      "name": "Iraq",
      "timezones": [
        "Asia/Baghdad"
      ]
    },
    "IR": {
      "id": "IR",
      "name": "Iran",
      "timezones": [
        "Asia/Tehran"
      ]
    },
    "IS": {
      "id": "IS",
      "name": "Iceland",
      "timezones": [
        "Atlantic/Reykjavik"
      ]
    },
    "IT": {
      "id": "IT",
      "name": "Italy",
      "timezones": [
        "Europe/Rome"
      ]
    },
    "JE": {
      "id": "JE",
      "name": "Jersey",
      "timezones": [
        "Europe/London"
      ]
    },
    "JM": {
      "id": "JM",
      "name": "Jamaica",
      "timezones": [
        "America/Jamaica"
      ]
    },
    "JO": {
      "id": "JO",
      "name": "Jordan",
      "timezones": [
        "Asia/Amman"
      ]
    },
    "JP": {
      "id": "JP",
      "name": "Japan",
      "timezones": [
        "Asia/Tokyo"
      ]
    },
    "KE": {
      "id": "KE",
      "name": "Kenya",
      "timezones": [
        "Africa/Nairobi"
      ]
    },
    "KG": {
      "id": "KG",
      "name": "Kyrgyzstan",
      "timezones": [
        "Asia/Bishkek"
      ]
    },
    "KH": {
      "id": "KH",
      "name": "Cambodia",
      "timezones": [
        "Asia/Bangkok"
      ]
    },
    "KI": {
      "id": "KI",
      "name": "Kiribati",
      "timezones": [
        "Pacific/Tarawa",
        "Pacific/Enderbury",
        "Pacific/Kiritimati"
      ]
    },
    "KM": {
      "id": "KM",
      "name": "Comoros",
      "timezones": [
        "Africa/Nairobi"
      ]
    },
    "KN": {
      "id": "KN",
      "name": "St Kitts & Nevis",
      "timezones": [
        "America/Port_of_Spain"
      ]
    },
    "KP": {
      "id": "KP",
      "name": "Korea (North)",
      "timezones": [
        "Asia/Pyongyang"
      ]
    },
    "KR": {
      "id": "KR",
      "name": "Korea (South)",
      "timezones": [
        "Asia/Seoul"
      ]
    },
    "KW": {
      "id": "KW",
      "name": "Kuwait",
      "timezones": [
        "Asia/Riyadh"
      ]
    },
    "KY": {
      "id": "KY",
      "name": "Cayman Islands",
      "timezones": [
        "America/Cayman"
      ]
    },
    "KZ": {
      "id": "KZ",
      "name": "Kazakhstan",
      "timezones": [
        "Asia/Almaty",
        "Asia/Qyzylorda",
        "Asia/Aqtobe",
        "Asia/Aqtau",
        "Asia/Oral"
      ]
    },
    "LA": {
      "id": "LA",
      "name": "Laos",
      "timezones": [
        "Asia/Bangkok"
      ]
    },
    "LB": {
      "id": "LB",
      "name": "Lebanon",
      "timezones": [
        "Asia/Beirut"
      ]
    },
    "LC": {
      "id": "LC",
      "name": "St Lucia",
      "timezones": [
        "America/Port_of_Spain"
      ]
    },
    "LI": {
      "id": "LI",
      "name": "Liechtenstein",
      "timezones": [
        "Europe/Zurich"
      ]
    },
    "LK": {
      "id": "LK",
      "name": "Sri Lanka",
      "timezones": [
        "Asia/Colombo"
      ]
    },
    "LR": {
      "id": "LR",
      "name": "Liberia",
      "timezones": [
        "Africa/Monrovia"
      ]
    },
    "LS": {
      "id": "LS",
      "name": "Lesotho",
      "timezones": [
        "Africa/Johannesburg"
      ]
    },
    "LT": {
      "id": "LT",
      "name": "Lithuania",
      "timezones": [
        "Europe/Vilnius"
      ]
    },
    "LU": {
      "id": "LU",
      "name": "Luxembourg",
      "timezones": [
        "Europe/Luxembourg"
      ]
    },
    "LV": {
      "id": "LV",
      "name": "Latvia",
      "timezones": [
        "Europe/Riga"
      ]
    },
    "LY": {
      "id": "LY",
      "name": "Libya",
      "timezones": [
        "Africa/Tripoli"
      ]
    },
    "MA": {
      "id": "MA",
      "name": "Morocco",
      "timezones": [
        "Africa/Casablanca"
      ]
    },
    "MC": {
      "id": "MC",
      "name": "Monaco",
      "timezones": [
        "Europe/Monaco"
      ]
    },
    "MD": {
      "id": "MD",
      "name": "Moldova",
      "timezones": [
        "Europe/Chisinau"
      ]
    },
    "ME": {
      "id": "ME",
      "name": "Montenegro",
      "timezones": [
        "Europe/Belgrade"
      ]
    },
    "MF": {
      "id": "MF",
      "name": "St Martin (French part)",
      "timezones": [
        "America/Port_of_Spain"
      ]
    },
    "MG": {
      "id": "MG",
      "name": "Madagascar",
      "timezones": [
        "Africa/Nairobi"
      ]
    },
    "MH": {
      "id": "MH",
      "name": "Marshall Islands",
      "timezones": [
        "Pacific/Majuro",
        "Pacific/Kwajalein"
      ]
    },
    "MK": {
      "id": "MK",
      "name": "Macedonia",
      "timezones": [
        "Europe/Belgrade"
      ]
    },
    "ML": {
      "id": "ML",
      "name": "Mali",
      "timezones": [
        "Africa/Abidjan"
      ]
    },
    "MM": {
      "id": "MM",
      "name": "Myanmar (Burma)",
      "timezones": [
        "Asia/Rangoon"
      ]
    },
    "MN": {
      "id": "MN",
      "name": "Mongolia",
      "timezones": [
        "Asia/Ulaanbaatar",
        "Asia/Hovd",
        "Asia/Choibalsan"
      ]
    },
    "MO": {
      "id": "MO",
      "name": "Macau",
      "timezones": [
        "Asia/Macau"
      ]
    },
    "MP": {
      "id": "MP",
      "name": "Northern Mariana Islands",
      "timezones": [
        "Pacific/Guam"
      ]
    },
    "MQ": {
      "id": "MQ",
      "name": "Martinique",
      "timezones": [
        "America/Martinique"
      ]
    },
    "MR": {
      "id": "MR",
      "name": "Mauritania",
      "timezones": [
        "Africa/Abidjan"
      ]
    },
    "MS": {
      "id": "MS",
      "name": "Montserrat",
      "timezones": [
        "America/Port_of_Spain"
      ]
    },
    "MT": {
      "id": "MT",
      "name": "Malta",
      "timezones": [
        "Europe/Malta"
      ]
    },
    "MU": {
      "id": "MU",
      "name": "Mauritius",
      "timezones": [
        "Indian/Mauritius"
      ]
    },
    "MV": {
      "id": "MV",
      "name": "Maldives",
      "timezones": [
        "Indian/Maldives"
      ]
    },
    "MW": {
      "id": "MW",
      "name": "Malawi",
      "timezones": [
        "Africa/Maputo"
      ]
    },
    "MX": {
      "id": "MX",
      "name": "Mexico",
      "timezones": [
        "America/Mexico_City",
        "America/Cancun",
        "America/Merida",
        "America/Monterrey",
        "America/Matamoros",
        "America/Mazatlan",
        "America/Chihuahua",
        "America/Ojinaga",
        "America/Hermosillo",
        "America/Tijuana",
        "America/Santa_Isabel",
        "America/Bahia_Banderas"
      ]
    },
    "MY": {
      "id": "MY",
      "name": "Malaysia",
      "timezones": [
        "Asia/Kuala_Lumpur",
        "Asia/Kuching"
      ]
    },
    "MZ": {
      "id": "MZ",
      "name": "Mozambique",
      "timezones": [
        "Africa/Maputo"
      ]
    },
    "NA": {
      "id": "NA",
      "name": "Namibia",
      "timezones": [
        "Africa/Windhoek"
      ]
    },
    "NC": {
      "id": "NC",
      "name": "New Caledonia",
      "timezones": [
        "Pacific/Noumea"
      ]
    },
    "NE": {
      "id": "NE",
      "name": "Niger",
      "timezones": [
        "Africa/Lagos"
      ]
    },
    "NF": {
      "id": "NF",
      "name": "Norfolk Island",
      "timezones": [
        "Pacific/Norfolk"
      ]
    },
    "NG": {
      "id": "NG",
      "name": "Nigeria",
      "timezones": [
        "Africa/Lagos"
      ]
    },
    "NI": {
      "id": "NI",
      "name": "Nicaragua",
      "timezones": [
        "America/Managua"
      ]
    },
    "NL": {
      "id": "NL",
      "name": "Netherlands",
      "timezones": [
        "Europe/Amsterdam"
      ]
    },
    "NO": {
      "id": "NO",
      "name": "Norway",
      "timezones": [
        "Europe/Oslo"
      ]
    },
    "NP": {
      "id": "NP",
      "name": "Nepal",
      "timezones": [
        "Asia/Kathmandu"
      ]
    },
    "NR": {
      "id": "NR",
      "name": "Nauru",
      "timezones": [
        "Pacific/Nauru"
      ]
    },
    "NU": {
      "id": "NU",
      "name": "Niue",
      "timezones": [
        "Pacific/Niue"
      ]
    },
    "NZ": {
      "id": "NZ",
      "name": "New Zealand",
      "timezones": [
        "Pacific/Auckland",
        "Pacific/Chatham"
      ]
    },
    "OM": {
      "id": "OM",
      "name": "Oman",
      "timezones": [
        "Asia/Dubai"
      ]
    },
    "PA": {
      "id": "PA",
      "name": "Panama",
      "timezones": [
        "America/Panama"
      ]
    },
    "PE": {
      "id": "PE",
      "name": "Peru",
      "timezones": [
        "America/Lima"
      ]
    },
    "PF": {
      "id": "PF",
      "name": "French Polynesia",
      "timezones": [
        "Pacific/Tahiti",
        "Pacific/Marquesas",
        "Pacific/Gambier"
      ]
    },
    "PG": {
      "id": "PG",
      "name": "Papua New Guinea",
      "timezones": [
        "Pacific/Port_Moresby",
        "Pacific/Bougainville"
      ]
    },
    "PH": {
      "id": "PH",
      "name": "Philippines",
      "timezones": [
        "Asia/Manila"
      ]
    },
    "PK": {
      "id": "PK",
      "name": "Pakistan",
      "timezones": [
        "Asia/Karachi"
      ]
    },
    "PL": {
      "id": "PL",
      "name": "Poland",
      "timezones": [
        "Europe/Warsaw"
      ]
    },
    "PM": {
      "id": "PM",
      "name": "St Pierre & Miquelon",
      "timezones": [
        "America/Miquelon"
      ]
    },
    "PN": {
      "id": "PN",
      "name": "Pitcairn",
      "timezones": [
        "Pacific/Pitcairn"
      ]
    },
    "PR": {
      "id": "PR",
      "name": "Puerto Rico",
      "timezones": [
        "America/Puerto_Rico"
      ]
    },
    "PS": {
      "id": "PS",
      "name": "Palestine",
      "timezones": [
        "Asia/Gaza",
        "Asia/Hebron"
      ]
    },
    "PT": {
      "id": "PT",
      "name": "Portugal",
      "timezones": [
        "Europe/Lisbon",
        "Atlantic/Madeira",
        "Atlantic/Azores"
      ]
    },
    "PW": {
      "id": "PW",
      "name": "Palau",
      "timezones": [
        "Pacific/Palau"
      ]
    },
    "PY": {
      "id": "PY",
      "name": "Paraguay",
      "timezones": [
        "America/Asuncion"
      ]
    },
    "QA": {
      "id": "QA",
      "name": "Qatar",
      "timezones": [
        "Asia/Qatar"
      ]
    },
    "RE": {
      "id": "RE",
      "name": "Réunion",
      "timezones": [
        "Indian/Reunion"
      ]
    },
    "RO": {
      "id": "RO",
      "name": "Romania",
      "timezones": [
        "Europe/Bucharest"
      ]
    },
    "RS": {
      "id": "RS",
      "name": "Serbia",
      "timezones": [
        "Europe/Belgrade"
      ]
    },
    "RU": {
      "id": "RU",
      "name": "Russia",
      "timezones": [
        "Europe/Kaliningrad",
        "Europe/Moscow",
        "Europe/Simferopol",
        "Europe/Volgograd",
        "Europe/Samara",
        "Asia/Yekaterinburg",
        "Asia/Omsk",
        "Asia/Novosibirsk",
        "Asia/Novokuznetsk",
        "Asia/Krasnoyarsk",
        "Asia/Irkutsk",
        "Asia/Chita",
        "Asia/Yakutsk",
        "Asia/Khandyga",
        "Asia/Vladivostok",
        "Asia/Sakhalin",
        "Asia/Ust-Nera",
        "Asia/Magadan",
        "Asia/Srednekolymsk",
        "Asia/Kamchatka",
        "Asia/Anadyr"
      ]
    },
    "RW": {
      "id": "RW",
      "name": "Rwanda",
      "timezones": [
        "Africa/Maputo"
      ]
    },
    "SA": {
      "id": "SA",
      "name": "Saudi Arabia",
      "timezones": [
        "Asia/Riyadh"
      ]
    },
    "SB": {
      "id": "SB",
      "name": "Solomon Islands",
      "timezones": [
        "Pacific/Guadalcanal"
      ]
    },
    "SC": {
      "id": "SC",
      "name": "Seychelles",
      "timezones": [
        "Indian/Mahe"
      ]
    },
    "SD": {
      "id": "SD",
      "name": "Sudan",
      "timezones": [
        "Africa/Khartoum"
      ]
    },
    "SE": {
      "id": "SE",
      "name": "Sweden",
      "timezones": [
        "Europe/Stockholm"
      ]
    },
    "SG": {
      "id": "SG",
      "name": "Singapore",
      "timezones": [
        "Asia/Singapore"
      ]
    },
    "SH": {
      "id": "SH",
      "name": "St Helena",
      "timezones": [
        "Africa/Abidjan"
      ]
    },
    "SI": {
      "id": "SI",
      "name": "Slovenia",
      "timezones": [
        "Europe/Belgrade"
      ]
    },
    "SJ": {
      "id": "SJ",
      "name": "Svalbard & Jan Mayen",
      "timezones": [
        "Europe/Oslo"
      ]
    },
    "SK": {
      "id": "SK",
      "name": "Slovakia",
      "timezones": [
        "Europe/Prague"
      ]
    },
    "SL": {
      "id": "SL",
      "name": "Sierra Leone",
      "timezones": [
        "Africa/Abidjan"
      ]
    },
    "SM": {
      "id": "SM",
      "name": "San Marino",
      "timezones": [
        "Europe/Rome"
      ]
    },
    "SN": {
      "id": "SN",
      "name": "Senegal",
      "timezones": [
        "Africa/Abidjan"
      ]
    },
    "SO": {
      "id": "SO",
      "name": "Somalia",
      "timezones": [
        "Africa/Nairobi"
      ]
    },
    "SR": {
      "id": "SR",
      "name": "Suriname",
      "timezones": [
        "America/Paramaribo"
      ]
    },
    "SS": {
      "id": "SS",
      "name": "South Sudan",
      "timezones": [
        "Africa/Khartoum"
      ]
    },
    "ST": {
      "id": "ST",
      "name": "Sao Tome & Principe",
      "timezones": [
        "Africa/Abidjan"
      ]
    },
    "SV": {
      "id": "SV",
      "name": "El Salvador",
      "timezones": [
        "America/El_Salvador"
      ]
    },
    "SX": {
      "id": "SX",
      "name": "St Maarten (Dutch part)",
      "timezones": [
        "America/Curacao"
      ]
    },
    "SY": {
      "id": "SY",
      "name": "Syria",
      "timezones": [
        "Asia/Damascus"
      ]
    },
    "SZ": {
      "id": "SZ",
      "name": "Swaziland",
      "timezones": [
        "Africa/Johannesburg"
      ]
    },
    "TC": {
      "id": "TC",
      "name": "Turks & Caicos Is",
      "timezones": [
        "America/Grand_Turk"
      ]
    },
    "TD": {
      "id": "TD",
      "name": "Chad",
      "timezones": [
        "Africa/Ndjamena"
      ]
    },
    "TF": {
      "id": "TF",
      "name": "French Southern & Antarctic Lands",
      "timezones": [
        "Indian/Reunion",
        "Indian/Kerguelen"
      ]
    },
    "TG": {
      "id": "TG",
      "name": "Togo",
      "timezones": [
        "Africa/Abidjan"
      ]
    },
    "TH": {
      "id": "TH",
      "name": "Thailand",
      "timezones": [
        "Asia/Bangkok"
      ]
    },
    "TJ": {
      "id": "TJ",
      "name": "Tajikistan",
      "timezones": [
        "Asia/Dushanbe"
      ]
    },
    "TK": {
      "id": "TK",
      "name": "Tokelau",
      "timezones": [
        "Pacific/Fakaofo"
      ]
    },
    "TL": {
      "id": "TL",
      "name": "East Timor",
      "timezones": [
        "Asia/Dili"
      ]
    },
    "TM": {
      "id": "TM",
      "name": "Turkmenistan",
      "timezones": [
        "Asia/Ashgabat"
      ]
    },
    "TN": {
      "id": "TN",
      "name": "Tunisia",
      "timezones": [
        "Africa/Tunis"
      ]
    },
    "TO": {
      "id": "TO",
      "name": "Tonga",
      "timezones": [
        "Pacific/Tongatapu"
      ]
    },
    "TR": {
      "id": "TR",
      "name": "Turkey",
      "timezones": [
        "Europe/Istanbul"
      ]
    },
    "TT": {
      "id": "TT",
      "name": "Trinidad & Tobago",
      "timezones": [
        "America/Port_of_Spain"
      ]
    },
    "TV": {
      "id": "TV",
      "name": "Tuvalu",
      "timezones": [
        "Pacific/Funafuti"
      ]
    },
    "TW": {
      "id": "TW",
      "name": "Taiwan",
      "timezones": [
        "Asia/Taipei"
      ]
    },
    "TZ": {
      "id": "TZ",
      "name": "Tanzania",
      "timezones": [
        "Africa/Nairobi"
      ]
    },
    "UA": {
      "id": "UA",
      "name": "Ukraine",
      "timezones": [
        "Europe/Kiev",
        "Europe/Uzhgorod",
        "Europe/Zaporozhye"
      ]
    },
    "UG": {
      "id": "UG",
      "name": "Uganda",
      "timezones": [
        "Africa/Nairobi"
      ]
    },
    "UM": {
      "id": "UM",
      "name": "US minor outlying islands",
      "timezones": [
        "Pacific/Pago_Pago",
        "Pacific/Wake",
        "Pacific/Honolulu"
      ]
    },
    "US": {
      "id": "US",
      "name": "United States",
      "timezones": [
        "America/New_York",
        "America/Detroit",
        "America/Kentucky/Louisville",
        "America/Kentucky/Monticello",
        "America/Indiana/Indianapolis",
        "America/Indiana/Vincennes",
        "America/Indiana/Winamac",
        "America/Indiana/Marengo",
        "America/Indiana/Petersburg",
        "America/Indiana/Vevay",
        "America/Chicago",
        "America/Indiana/Tell_City",
        "America/Indiana/Knox",
        "America/Menominee",
        "America/North_Dakota/Center",
        "America/North_Dakota/New_Salem",
        "America/North_Dakota/Beulah",
        "America/Denver",
        "America/Boise",
        "America/Phoenix",
        "America/Los_Angeles",
        "America/Metlakatla",
        "America/Anchorage",
        "America/Juneau",
        "America/Sitka",
        "America/Yakutat",
        "America/Nome",
        "America/Adak",
        "Pacific/Honolulu"
      ]
    },
    "UY": {
      "id": "UY",
      "name": "Uruguay",
      "timezones": [
        "America/Montevideo"
      ]
    },
    "UZ": {
      "id": "UZ",
      "name": "Uzbekistan",
      "timezones": [
        "Asia/Samarkand",
        "Asia/Tashkent"
      ]
    },
    "VA": {
      "id": "VA",
      "name": "Vatican City",
      "timezones": [
        "Europe/Rome"
      ]
    },
    "VC": {
      "id": "VC",
      "name": "St Vincent",
      "timezones": [
        "America/Port_of_Spain"
      ]
    },
    "VE": {
      "id": "VE",
      "name": "Venezuela",
      "timezones": [
        "America/Caracas"
      ]
    },
    "VG": {
      "id": "VG",
      "name": "Virgin Islands (UK)",
      "timezones": [
        "America/Port_of_Spain"
      ]
    },
    "VI": {
      "id": "VI",
      "name": "Virgin Islands (US)",
      "timezones": [
        "America/Port_of_Spain"
      ]
    },
    "VN": {
      "id": "VN",
      "name": "Vietnam",
      "timezones": [
        "Asia/Bangkok",
        "Asia/Ho_Chi_Minh"
      ]
    },
    "VU": {
      "id": "VU",
      "name": "Vanuatu",
      "timezones": [
        "Pacific/Efate"
      ]
    },
    "WF": {
      "id": "WF",
      "name": "Wallis & Futuna",
      "timezones": [
        "Pacific/Wallis"
      ]
    },
    "WS": {
      "id": "WS",
      "name": "Samoa (western)",
      "timezones": [
        "Pacific/Apia"
      ]
    },
    "YE": {
      "id": "YE",
      "name": "Yemen",
      "timezones": [
        "Asia/Riyadh"
      ]
    },
    "YT": {
      "id": "YT",
      "name": "Mayotte",
      "timezones": [
        "Africa/Nairobi"
      ]
    },
    "ZA": {
      "id": "ZA",
      "name": "South Africa",
      "timezones": [
        "Africa/Johannesburg"
      ]
    },
    "ZM": {
      "id": "ZM",
      "name": "Zambia",
      "timezones": [
        "Africa/Maputo"
      ]
    },
    "ZW": {
      "id": "ZW",
      "name": "Zimbabwe",
      "timezones": [
        "Africa/Maputo"
      ]
    }
  },
  "timezones": {
    "Europe/Andorra": {
      "name": "Europe/Andorra",
      "utcOffset": 60,
      "offsetStr": "+01:00",
      "countries": [
        "AD"
      ]
    },
    "Asia/Dubai": {
      "name": "Asia/Dubai",
      "utcOffset": 240,
      "offsetStr": "+04:00",
      "countries": [
        "AE",
        "OM"
      ]
    },
    "Asia/Kabul": {
      "name": "Asia/Kabul",
      "utcOffset": 270,
      "offsetStr": "+04:30",
      "countries": [
        "AF"
      ]
    },
    "Europe/Tirane": {
      "name": "Europe/Tirane",
      "utcOffset": 60,
      "offsetStr": "+01:00",
      "countries": [
        "AL"
      ]
    },
    "Asia/Yerevan": {
      "name": "Asia/Yerevan",
      "utcOffset": 240,
      "offsetStr": "+04:00",
      "countries": [
        "AM"
      ]
    },
    "Antarctica/Rothera": {
      "name": "Antarctica/Rothera",
      "utcOffset": -180,
      "offsetStr": "-03:00",
      "countries": [
        "AQ"
      ]
    },
    "Antarctica/Palmer": {
      "name": "Antarctica/Palmer",
      "utcOffset": -180,
      "offsetStr": "-03:00",
      "countries": [
        "AQ"
      ]
    },
    "Antarctica/Mawson": {
      "name": "Antarctica/Mawson",
      "utcOffset": 300,
      "offsetStr": "+05:00",
      "countries": [
        "AQ"
      ]
    },
    "Antarctica/Davis": {
      "name": "Antarctica/Davis",
      "utcOffset": 420,
      "offsetStr": "+07:00",
      "countries": [
        "AQ"
      ]
    },
    "Antarctica/Casey": {
      "name": "Antarctica/Casey",
      "utcOffset": 480,
      "offsetStr": "+08:00",
      "countries": [
        "AQ"
      ]
    },
    "Antarctica/Vostok": {
      "name": "Antarctica/Vostok",
      "utcOffset": 360,
      "offsetStr": "+06:00",
      "countries": [
        "AQ"
      ]
    },
    "Antarctica/DumontDUrville": {
      "name": "Antarctica/DumontDUrville",
      "utcOffset": 600,
      "offsetStr": "+10:00",
      "countries": [
        "AQ"
      ]
    },
    "Antarctica/Syowa": {
      "name": "Antarctica/Syowa",
      "utcOffset": 180,
      "offsetStr": "+03:00",
      "countries": [
        "AQ"
      ]
    },
    "Antarctica/Troll": {
      "name": "Antarctica/Troll",
      "utcOffset": 0,
      "offsetStr": "+00:00",
      "countries": [
        "AQ"
      ]
    },
    "America/Argentina/Buenos_Aires": {
      "name": "America/Argentina/Buenos_Aires",
      "utcOffset": -180,
      "offsetStr": "-03:00",
      "countries": [
        "AR"
      ]
    },
    "America/Argentina/Cordoba": {
      "name": "America/Argentina/Cordoba",
      "utcOffset": -180,
      "offsetStr": "-03:00",
      "countries": [
        "AR"
      ]
    },
    "America/Argentina/Salta": {
      "name": "America/Argentina/Salta",
      "utcOffset": -180,
      "offsetStr": "-03:00",
      "countries": [
        "AR"
      ]
    },
    "America/Argentina/Jujuy": {
      "name": "America/Argentina/Jujuy",
      "utcOffset": -180,
      "offsetStr": "-03:00",
      "countries": [
        "AR"
      ]
    },
    "America/Argentina/Tucuman": {
      "name": "America/Argentina/Tucuman",
      "utcOffset": -180,
      "offsetStr": "-03:00",
      "countries": [
        "AR"
      ]
    },
    "America/Argentina/Catamarca": {
      "name": "America/Argentina/Catamarca",
      "utcOffset": -180,
      "offsetStr": "-03:00",
      "countries": [
        "AR"
      ]
    },
    "America/Argentina/La_Rioja": {
      "name": "America/Argentina/La_Rioja",
      "utcOffset": -180,
      "offsetStr": "-03:00",
      "countries": [
        "AR"
      ]
    },
    "America/Argentina/San_Juan": {
      "name": "America/Argentina/San_Juan",
      "utcOffset": -180,
      "offsetStr": "-03:00",
      "countries": [
        "AR"
      ]
    },
    "America/Argentina/Mendoza": {
      "name": "America/Argentina/Mendoza",
      "utcOffset": -180,
      "offsetStr": "-03:00",
      "countries": [
        "AR"
      ]
    },
    "America/Argentina/San_Luis": {
      "name": "America/Argentina/San_Luis",
      "utcOffset": -180,
      "offsetStr": "-03:00",
      "countries": [
        "AR"
      ]
    },
    "America/Argentina/Rio_Gallegos": {
      "name": "America/Argentina/Rio_Gallegos",
      "utcOffset": -180,
      "offsetStr": "-03:00",
      "countries": [
        "AR"
      ]
    },
    "America/Argentina/Ushuaia": {
      "name": "America/Argentina/Ushuaia",
      "utcOffset": -180,
      "offsetStr": "-03:00",
      "countries": [
        "AR"
      ]
    },
    "Pacific/Pago_Pago": {
      "name": "Pacific/Pago_Pago",
      "utcOffset": -660,
      "offsetStr": "-11:00",
      "countries": [
        "AS",
        "UM"
      ]
    },
    "Europe/Vienna": {
      "name": "Europe/Vienna",
      "utcOffset": 60,
      "offsetStr": "+01:00",
      "countries": [
        "AT"
      ]
    },
    "Australia/Lord_Howe": {
      "name": "Australia/Lord_Howe",
      "utcOffset": 660,
      "offsetStr": "+11:00",
      "countries": [
        "AU"
      ]
    },
    "Antarctica/Macquarie": {
      "name": "Antarctica/Macquarie",
      "utcOffset": 660,
      "offsetStr": "+11:00",
      "countries": [
        "AU"
      ]
    },
    "Australia/Hobart": {
      "name": "Australia/Hobart",
      "utcOffset": 660,
      "offsetStr": "+11:00",
      "countries": [
        "AU"
      ]
    },
    "Australia/Currie": {
      "name": "Australia/Currie",
      "utcOffset": 660,
      "offsetStr": "+11:00",
      "countries": [
        "AU"
      ]
    },
    "Australia/Melbourne": {
      "name": "Australia/Melbourne",
      "utcOffset": 660,
      "offsetStr": "+11:00",
      "countries": [
        "AU"
      ]
    },
    "Australia/Sydney": {
      "name": "Australia/Sydney",
      "utcOffset": 660,
      "offsetStr": "+11:00",
      "countries": [
        "AU"
      ]
    },
    "Australia/Broken_Hill": {
      "name": "Australia/Broken_Hill",
      "utcOffset": 630,
      "offsetStr": "+10:30",
      "countries": [
        "AU"
      ]
    },
    "Australia/Brisbane": {
      "name": "Australia/Brisbane",
      "utcOffset": 600,
      "offsetStr": "+10:00",
      "countries": [
        "AU"
      ]
    },
    "Australia/Lindeman": {
      "name": "Australia/Lindeman",
      "utcOffset": 600,
      "offsetStr": "+10:00",
      "countries": [
        "AU"
      ]
    },
    "Australia/Adelaide": {
      "name": "Australia/Adelaide",
      "utcOffset": 630,
      "offsetStr": "+10:30",
      "countries": [
        "AU"
      ]
    },
    "Australia/Darwin": {
      "name": "Australia/Darwin",
      "utcOffset": 570,
      "offsetStr": "+09:30",
      "countries": [
        "AU"
      ]
    },
    "Australia/Perth": {
      "name": "Australia/Perth",
      "utcOffset": 480,
      "offsetStr": "+08:00",
      "countries": [
        "AU"
      ]
    },
    "Australia/Eucla": {
      "name": "Australia/Eucla",
      "utcOffset": 525,
      "offsetStr": "+08:45",
      "countries": [
        "AU"
      ]
    },
    "Asia/Baku": {
      "name": "Asia/Baku",
      "utcOffset": 240,
      "offsetStr": "+04:00",
      "countries": [
        "AZ"
      ]
    },
    "America/Barbados": {
      "name": "America/Barbados",
      "utcOffset": -240,
      "offsetStr": "-04:00",
      "countries": [
        "BB"
      ]
    },
    "Asia/Dhaka": {
      "name": "Asia/Dhaka",
      "utcOffset": 360,
      "offsetStr": "+06:00",
      "countries": [
        "BD"
      ]
    },
    "Europe/Brussels": {
      "name": "Europe/Brussels",
      "utcOffset": 60,
      "offsetStr": "+01:00",
      "countries": [
        "BE"
      ]
    },
    "Europe/Sofia": {
      "name": "Europe/Sofia",
      "utcOffset": 120,
      "offsetStr": "+02:00",
      "countries": [
        "BG"
      ]
    },
    "Atlantic/Bermuda": {
      "name": "Atlantic/Bermuda",
      "utcOffset": -240,
      "offsetStr": "-04:00",
      "countries": [
        "BM"
      ]
    },
    "Asia/Brunei": {
      "name": "Asia/Brunei",
      "utcOffset": 480,
      "offsetStr": "+08:00",
      "countries": [
        "BN"
      ]
    },
    "America/La_Paz": {
      "name": "America/La_Paz",
      "utcOffset": -240,
      "offsetStr": "-04:00",
      "countries": [
        "BO"
      ]
    },
    "America/Noronha": {
      "name": "America/Noronha",
      "utcOffset": -120,
      "offsetStr": "-02:00",
      "countries": [
        "BR"
      ]
    },
    "America/Belem": {
      "name": "America/Belem",
      "utcOffset": -180,
      "offsetStr": "-03:00",
      "countries": [
        "BR"
      ]
    },
    "America/Fortaleza": {
      "name": "America/Fortaleza",
      "utcOffset": -180,
      "offsetStr": "-03:00",
      "countries": [
        "BR"
      ]
    },
    "America/Recife": {
      "name": "America/Recife",
      "utcOffset": -180,
      "offsetStr": "-03:00",
      "countries": [
        "BR"
      ]
    },
    "America/Araguaina": {
      "name": "America/Araguaina",
      "utcOffset": -180,
      "offsetStr": "-03:00",
      "countries": [
        "BR"
      ]
    },
    "America/Maceio": {
      "name": "America/Maceio",
      "utcOffset": -180,
      "offsetStr": "-03:00",
      "countries": [
        "BR"
      ]
    },
    "America/Bahia": {
      "name": "America/Bahia",
      "utcOffset": -180,
      "offsetStr": "-03:00",
      "countries": [
        "BR"
      ]
    },
    "America/Sao_Paulo": {
      "name": "America/Sao_Paulo",
      "utcOffset": -120,
      "offsetStr": "-02:00",
      "countries": [
        "BR"
      ]
    },
    "America/Campo_Grande": {
      "name": "America/Campo_Grande",
      "utcOffset": -180,
      "offsetStr": "-03:00",
      "countries": [
        "BR"
      ]
    },
    "America/Cuiaba": {
      "name": "America/Cuiaba",
      "utcOffset": -180,
      "offsetStr": "-03:00",
      "countries": [
        "BR"
      ]
    },
    "America/Santarem": {
      "name": "America/Santarem",
      "utcOffset": -180,
      "offsetStr": "-03:00",
      "countries": [
        "BR"
      ]
    },
    "America/Porto_Velho": {
      "name": "America/Porto_Velho",
      "utcOffset": -240,
      "offsetStr": "-04:00",
      "countries": [
        "BR"
      ]
    },
    "America/Boa_Vista": {
      "name": "America/Boa_Vista",
      "utcOffset": -240,
      "offsetStr": "-04:00",
      "countries": [
        "BR"
      ]
    },
    "America/Manaus": {
      "name": "America/Manaus",
      "utcOffset": -240,
      "offsetStr": "-04:00",
      "countries": [
        "BR"
      ]
    },
    "America/Eirunepe": {
      "name": "America/Eirunepe",
      "utcOffset": -300,
      "offsetStr": "-05:00",
      "countries": [
        "BR"
      ]
    },
    "America/Rio_Branco": {
      "name": "America/Rio_Branco",
      "utcOffset": -300,
      "offsetStr": "-05:00",
      "countries": [
        "BR"
      ]
    },
    "America/Nassau": {
      "name": "America/Nassau",
      "utcOffset": -300,
      "offsetStr": "-05:00",
      "countries": [
        "BS"
      ]
    },
    "Asia/Thimphu": {
      "name": "Asia/Thimphu",
      "utcOffset": 360,
      "offsetStr": "+06:00",
      "countries": [
        "BT"
      ]
    },
    "Europe/Minsk": {
      "name": "Europe/Minsk",
      "utcOffset": 180,
      "offsetStr": "+03:00",
      "countries": [
        "BY"
      ]
    },
    "America/Belize": {
      "name": "America/Belize",
      "utcOffset": -360,
      "offsetStr": "-06:00",
      "countries": [
        "BZ"
      ]
    },
    "America/St_Johns": {
      "name": "America/St_Johns",
      "utcOffset": -210,
      "offsetStr": "-03:30",
      "countries": [
        "CA"
      ]
    },
    "America/Halifax": {
      "name": "America/Halifax",
      "utcOffset": -240,
      "offsetStr": "-04:00",
      "countries": [
        "CA"
      ]
    },
    "America/Glace_Bay": {
      "name": "America/Glace_Bay",
      "utcOffset": -240,
      "offsetStr": "-04:00",
      "countries": [
        "CA"
      ]
    },
    "America/Moncton": {
      "name": "America/Moncton",
      "utcOffset": -240,
      "offsetStr": "-04:00",
      "countries": [
        "CA"
      ]
    },
    "America/Goose_Bay": {
      "name": "America/Goose_Bay",
      "utcOffset": -240,
      "offsetStr": "-04:00",
      "countries": [
        "CA"
      ]
    },
    "America/Blanc-Sablon": {
      "name": "America/Blanc-Sablon",
      "utcOffset": -240,
      "offsetStr": "-04:00",
      "countries": [
        "CA"
      ]
    },
    "America/Toronto": {
      "name": "America/Toronto",
      "utcOffset": -300,
      "offsetStr": "-05:00",
      "countries": [
        "CA"
      ]
    },
    "America/Nipigon": {
      "name": "America/Nipigon",
      "utcOffset": -300,
      "offsetStr": "-05:00",
      "countries": [
        "CA"
      ]
    },
    "America/Thunder_Bay": {
      "name": "America/Thunder_Bay",
      "utcOffset": -300,
      "offsetStr": "-05:00",
      "countries": [
        "CA"
      ]
    },
    "America/Iqaluit": {
      "name": "America/Iqaluit",
      "utcOffset": -300,
      "offsetStr": "-05:00",
      "countries": [
        "CA"
      ]
    },
    "America/Pangnirtung": {
      "name": "America/Pangnirtung",
      "utcOffset": -300,
      "offsetStr": "-05:00",
      "countries": [
        "CA"
      ]
    },
    "America/Resolute": {
      "name": "America/Resolute",
      "utcOffset": -360,
      "offsetStr": "-06:00",
      "countries": [
        "CA"
      ]
    },
    "America/Atikokan": {
      "name": "America/Atikokan",
      "utcOffset": -300,
      "offsetStr": "-05:00",
      "countries": [
        "CA"
      ]
    },
    "America/Rankin_Inlet": {
      "name": "America/Rankin_Inlet",
      "utcOffset": -360,
      "offsetStr": "-06:00",
      "countries": [
        "CA"
      ]
    },
    "America/Winnipeg": {
      "name": "America/Winnipeg",
      "utcOffset": -360,
      "offsetStr": "-06:00",
      "countries": [
        "CA"
      ]
    },
    "America/Rainy_River": {
      "name": "America/Rainy_River",
      "utcOffset": -360,
      "offsetStr": "-06:00",
      "countries": [
        "CA"
      ]
    },
    "America/Regina": {
      "name": "America/Regina",
      "utcOffset": -360,
      "offsetStr": "-06:00",
      "countries": [
        "CA"
      ]
    },
    "America/Swift_Current": {
      "name": "America/Swift_Current",
      "utcOffset": -360,
      "offsetStr": "-06:00",
      "countries": [
        "CA"
      ]
    },
    "America/Edmonton": {
      "name": "America/Edmonton",
      "utcOffset": -420,
      "offsetStr": "-07:00",
      "countries": [
        "CA"
      ]
    },
    "America/Cambridge_Bay": {
      "name": "America/Cambridge_Bay",
      "utcOffset": -420,
      "offsetStr": "-07:00",
      "countries": [
        "CA"
      ]
    },
    "America/Yellowknife": {
      "name": "America/Yellowknife",
      "utcOffset": -420,
      "offsetStr": "-07:00",
      "countries": [
        "CA"
      ]
    },
    "America/Inuvik": {
      "name": "America/Inuvik",
      "utcOffset": -420,
      "offsetStr": "-07:00",
      "countries": [
        "CA"
      ]
    },
    "America/Creston": {
      "name": "America/Creston",
      "utcOffset": -420,
      "offsetStr": "-07:00",
      "countries": [
        "CA"
      ]
    },
    "America/Dawson_Creek": {
      "name": "America/Dawson_Creek",
      "utcOffset": -420,
      "offsetStr": "-07:00",
      "countries": [
        "CA"
      ]
    },
    "America/Fort_Nelson": {
      "name": "America/Fort_Nelson",
      "utcOffset": -420,
      "offsetStr": "-07:00",
      "countries": [
        "CA"
      ]
    },
    "America/Vancouver": {
      "name": "America/Vancouver",
      "utcOffset": -480,
      "offsetStr": "-08:00",
      "countries": [
        "CA"
      ]
    },
    "America/Whitehorse": {
      "name": "America/Whitehorse",
      "utcOffset": -480,
      "offsetStr": "-08:00",
      "countries": [
        "CA"
      ]
    },
    "America/Dawson": {
      "name": "America/Dawson",
      "utcOffset": -480,
      "offsetStr": "-08:00",
      "countries": [
        "CA"
      ]
    },
    "Indian/Cocos": {
      "name": "Indian/Cocos",
      "utcOffset": 390,
      "offsetStr": "+06:30",
      "countries": [
        "CC"
      ]
    },
    "Europe/Zurich": {
      "name": "Europe/Zurich",
      "utcOffset": 60,
      "offsetStr": "+01:00",
      "countries": [
        "CH",
        "DE",
        "LI"
      ]
    },
    "Africa/Abidjan": {
      "name": "Africa/Abidjan",
      "utcOffset": 0,
      "offsetStr": "+00:00",
      "countries": [
        "CI",
        "BF",
        "GM",
        "GN",
        "ML",
        "MR",
        "SH",
        "SL",
        "SN",
        "ST",
        "TG"
      ]
    },
    "Pacific/Rarotonga": {
      "name": "Pacific/Rarotonga",
      "utcOffset": -600,
      "offsetStr": "-10:00",
      "countries": [
        "CK"
      ]
    },
    "America/Santiago": {
      "name": "America/Santiago",
      "utcOffset": -180,
      "offsetStr": "-03:00",
      "countries": [
        "CL"
      ]
    },
    "Pacific/Easter": {
      "name": "Pacific/Easter",
      "utcOffset": -300,
      "offsetStr": "-05:00",
      "countries": [
        "CL"
      ]
    },
    "Asia/Shanghai": {
      "name": "Asia/Shanghai",
      "utcOffset": 480,
      "offsetStr": "+08:00",
      "countries": [
        "CN"
      ]
    },
    "Asia/Urumqi": {
      "name": "Asia/Urumqi",
      "utcOffset": 360,
      "offsetStr": "+06:00",
      "countries": [
        "CN"
      ]
    },
    "America/Bogota": {
      "name": "America/Bogota",
      "utcOffset": -300,
      "offsetStr": "-05:00",
      "countries": [
        "CO"
      ]
    },
    "America/Costa_Rica": {
      "name": "America/Costa_Rica",
      "utcOffset": -360,
      "offsetStr": "-06:00",
      "countries": [
        "CR"
      ]
    },
    "America/Havana": {
      "name": "America/Havana",
      "utcOffset": -300,
      "offsetStr": "-05:00",
      "countries": [
        "CU"
      ]
    },
    "Atlantic/Cape_Verde": {
      "name": "Atlantic/Cape_Verde",
      "utcOffset": -60,
      "offsetStr": "-01:00",
      "countries": [
        "CV"
      ]
    },
    "America/Curacao": {
      "name": "America/Curacao",
      "utcOffset": -240,
      "offsetStr": "-04:00",
      "countries": [
        "CW",
        "AW",
        "BQ",
        "SX"
      ]
    },
    "Indian/Christmas": {
      "name": "Indian/Christmas",
      "utcOffset": 420,
      "offsetStr": "+07:00",
      "countries": [
        "CX"
      ]
    },
    "Asia/Nicosia": {
      "name": "Asia/Nicosia",
      "utcOffset": 120,
      "offsetStr": "+02:00",
      "countries": [
        "CY"
      ]
    },
    "Europe/Prague": {
      "name": "Europe/Prague",
      "utcOffset": 60,
      "offsetStr": "+01:00",
      "countries": [
        "CZ",
        "SK"
      ]
    },
    "Europe/Berlin": {
      "name": "Europe/Berlin",
      "utcOffset": 60,
      "offsetStr": "+01:00",
      "countries": [
        "DE"
      ]
    },
    "Europe/Copenhagen": {
      "name": "Europe/Copenhagen",
      "utcOffset": 60,
      "offsetStr": "+01:00",
      "countries": [
        "DK"
      ]
    },
    "America/Santo_Domingo": {
      "name": "America/Santo_Domingo",
      "utcOffset": -240,
      "offsetStr": "-04:00",
      "countries": [
        "DO"
      ]
    },
    "Africa/Algiers": {
      "name": "Africa/Algiers",
      "utcOffset": 60,
      "offsetStr": "+01:00",
      "countries": [
        "DZ"
      ]
    },
    "America/Guayaquil": {
      "name": "America/Guayaquil",
      "utcOffset": -300,
      "offsetStr": "-05:00",
      "countries": [
        "EC"
      ]
    },
    "Pacific/Galapagos": {
      "name": "Pacific/Galapagos",
      "utcOffset": -360,
      "offsetStr": "-06:00",
      "countries": [
        "EC"
      ]
    },
    "Europe/Tallinn": {
      "name": "Europe/Tallinn",
      "utcOffset": 120,
      "offsetStr": "+02:00",
      "countries": [
        "EE"
      ]
    },
    "Africa/Cairo": {
      "name": "Africa/Cairo",
      "utcOffset": 120,
      "offsetStr": "+02:00",
      "countries": [
        "EG"
      ]
    },
    "Africa/El_Aaiun": {
      "name": "Africa/El_Aaiun",
      "utcOffset": 0,
      "offsetStr": "+00:00",
      "countries": [
        "EH"
      ]
    },
    "Europe/Madrid": {
      "name": "Europe/Madrid",
      "utcOffset": 60,
      "offsetStr": "+01:00",
      "countries": [
        "ES"
      ]
    },
    "Africa/Ceuta": {
      "name": "Africa/Ceuta",
      "utcOffset": 60,
      "offsetStr": "+01:00",
      "countries": [
        "ES"
      ]
    },
    "Atlantic/Canary": {
      "name": "Atlantic/Canary",
      "utcOffset": 0,
      "offsetStr": "+00:00",
      "countries": [
        "ES"
      ]
    },
    "Europe/Helsinki": {
      "name": "Europe/Helsinki",
      "utcOffset": 120,
      "offsetStr": "+02:00",
      "countries": [
        "FI",
        "AX"
      ]
    },
    "Pacific/Fiji": {
      "name": "Pacific/Fiji",
      "utcOffset": 720,
      "offsetStr": "+12:00",
      "countries": [
        "FJ"
      ]
    },
    "Atlantic/Stanley": {
      "name": "Atlantic/Stanley",
      "utcOffset": -180,
      "offsetStr": "-03:00",
      "countries": [
        "FK"
      ]
    },
    "Pacific/Chuuk": {
      "name": "Pacific/Chuuk",
      "utcOffset": 600,
      "offsetStr": "+10:00",
      "countries": [
        "FM"
      ]
    },
    "Pacific/Pohnpei": {
      "name": "Pacific/Pohnpei",
      "utcOffset": 660,
      "offsetStr": "+11:00",
      "countries": [
        "FM"
      ]
    },
    "Pacific/Kosrae": {
      "name": "Pacific/Kosrae",
      "utcOffset": 660,
      "offsetStr": "+11:00",
      "countries": [
        "FM"
      ]
    },
    "Atlantic/Faroe": {
      "name": "Atlantic/Faroe",
      "utcOffset": 0,
      "offsetStr": "+00:00",
      "countries": [
        "FO"
      ]
    },
    "Europe/Paris": {
      "name": "Europe/Paris",
      "utcOffset": 60,
      "offsetStr": "+01:00",
      "countries": [
        "FR"
      ]
    },
    "Europe/London": {
      "name": "Europe/London",
      "utcOffset": 0,
      "offsetStr": "+00:00",
      "countries": [
        "GB",
        "GG",
        "IM",
        "JE"
      ]
    },
    "Asia/Tbilisi": {
      "name": "Asia/Tbilisi",
      "utcOffset": 240,
      "offsetStr": "+04:00",
      "countries": [
        "GE"
      ]
    },
    "America/Cayenne": {
      "name": "America/Cayenne",
      "utcOffset": -180,
      "offsetStr": "-03:00",
      "countries": [
        "GF"
      ]
    },
    "Africa/Accra": {
      "name": "Africa/Accra",
      "utcOffset": 0,
      "offsetStr": "+00:00",
      "countries": [
        "GH"
      ]
    },
    "Europe/Gibraltar": {
      "name": "Europe/Gibraltar",
      "utcOffset": 60,
      "offsetStr": "+01:00",
      "countries": [
        "GI"
      ]
    },
    "America/Godthab": {
      "name": "America/Godthab",
      "utcOffset": -180,
      "offsetStr": "-03:00",
      "countries": [
        "GL"
      ]
    },
    "America/Danmarkshavn": {
      "name": "America/Danmarkshavn",
      "utcOffset": 0,
      "offsetStr": "+00:00",
      "countries": [
        "GL"
      ]
    },
    "America/Scoresbysund": {
      "name": "America/Scoresbysund",
      "utcOffset": -60,
      "offsetStr": "-01:00",
      "countries": [
        "GL"
      ]
    },
    "America/Thule": {
      "name": "America/Thule",
      "utcOffset": -240,
      "offsetStr": "-04:00",
      "countries": [
        "GL"
      ]
    },
    "Europe/Athens": {
      "name": "Europe/Athens",
      "utcOffset": 120,
      "offsetStr": "+02:00",
      "countries": [
        "GR"
      ]
    },
    "Atlantic/South_Georgia": {
      "name": "Atlantic/South_Georgia",
      "utcOffset": -120,
      "offsetStr": "-02:00",
      "countries": [
        "GS"
      ]
    },
    "America/Guatemala": {
      "name": "America/Guatemala",
      "utcOffset": -360,
      "offsetStr": "-06:00",
      "countries": [
        "GT"
      ]
    },
    "Pacific/Guam": {
      "name": "Pacific/Guam",
      "utcOffset": 600,
      "offsetStr": "+10:00",
      "countries": [
        "GU",
        "MP"
      ]
    },
    "Africa/Bissau": {
      "name": "Africa/Bissau",
      "utcOffset": 0,
      "offsetStr": "+00:00",
      "countries": [
        "GW"
      ]
    },
    "America/Guyana": {
      "name": "America/Guyana",
      "utcOffset": -240,
      "offsetStr": "-04:00",
      "countries": [
        "GY"
      ]
    },
    "Asia/Hong_Kong": {
      "name": "Asia/Hong_Kong",
      "utcOffset": 480,
      "offsetStr": "+08:00",
      "countries": [
        "HK"
      ]
    },
    "America/Tegucigalpa": {
      "name": "America/Tegucigalpa",
      "utcOffset": -360,
      "offsetStr": "-06:00",
      "countries": [
        "HN"
      ]
    },
    "America/Port-au-Prince": {
      "name": "America/Port-au-Prince",
      "utcOffset": -300,
      "offsetStr": "-05:00",
      "countries": [
        "HT"
      ]
    },
    "Europe/Budapest": {
      "name": "Europe/Budapest",
      "utcOffset": 60,
      "offsetStr": "+01:00",
      "countries": [
        "HU"
      ]
    },
    "Asia/Jakarta": {
      "name": "Asia/Jakarta",
      "utcOffset": 420,
      "offsetStr": "+07:00",
      "countries": [
        "ID"
      ]
    },
    "Asia/Pontianak": {
      "name": "Asia/Pontianak",
      "utcOffset": 420,
      "offsetStr": "+07:00",
      "countries": [
        "ID"
      ]
    },
    "Asia/Makassar": {
      "name": "Asia/Makassar",
      "utcOffset": 480,
      "offsetStr": "+08:00",
      "countries": [
        "ID"
      ]
    },
    "Asia/Jayapura": {
      "name": "Asia/Jayapura",
      "utcOffset": 540,
      "offsetStr": "+09:00",
      "countries": [
        "ID"
      ]
    },
    "Europe/Dublin": {
      "name": "Europe/Dublin",
      "utcOffset": 0,
      "offsetStr": "+00:00",
      "countries": [
        "IE"
      ]
    },
    "Asia/Jerusalem": {
      "name": "Asia/Jerusalem",
      "utcOffset": 120,
      "offsetStr": "+02:00",
      "countries": [
        "IL"
      ]
    },
    "Asia/Kolkata": {
      "name": "Asia/Kolkata",
      "utcOffset": 330,
      "offsetStr": "+05:30",
      "countries": [
        "IN"
      ]
    },
    "Indian/Chagos": {
      "name": "Indian/Chagos",
      "utcOffset": 360,
      "offsetStr": "+06:00",
      "countries": [
        "IO"
      ]
    },
    "Asia/Baghdad": {
      "name": "Asia/Baghdad",
      "utcOffset": 180,
      "offsetStr": "+03:00",
      "countries": [
        "IQ"
      ]
    },
    "Asia/Tehran": {
      "name": "Asia/Tehran",
      "utcOffset": 210,
      "offsetStr": "+03:30",
      "countries": [
        "IR"
      ]
    },
    "Atlantic/Reykjavik": {
      "name": "Atlantic/Reykjavik",
      "utcOffset": 0,
      "offsetStr": "+00:00",
      "countries": [
        "IS"
      ]
    },
    "Europe/Rome": {
      "name": "Europe/Rome",
      "utcOffset": 60,
      "offsetStr": "+01:00",
      "countries": [
        "IT",
        "SM",
        "VA"
      ]
    },
    "America/Jamaica": {
      "name": "America/Jamaica",
      "utcOffset": -300,
      "offsetStr": "-05:00",
      "countries": [
        "JM"
      ]
    },
    "Asia/Amman": {
      "name": "Asia/Amman",
      "utcOffset": 120,
      "offsetStr": "+02:00",
      "countries": [
        "JO"
      ]
    },
    "Asia/Tokyo": {
      "name": "Asia/Tokyo",
      "utcOffset": 540,
      "offsetStr": "+09:00",
      "countries": [
        "JP"
      ]
    },
    "Africa/Nairobi": {
      "name": "Africa/Nairobi",
      "utcOffset": 180,
      "offsetStr": "+03:00",
      "countries": [
        "KE",
        "DJ",
        "ER",
        "ET",
        "KM",
        "MG",
        "SO",
        "TZ",
        "UG",
        "YT"
      ]
    },
    "Asia/Bishkek": {
      "name": "Asia/Bishkek",
      "utcOffset": 360,
      "offsetStr": "+06:00",
      "countries": [
        "KG"
      ]
    },
    "Pacific/Tarawa": {
      "name": "Pacific/Tarawa",
      "utcOffset": 720,
      "offsetStr": "+12:00",
      "countries": [
        "KI"
      ]
    },
    "Pacific/Enderbury": {
      "name": "Pacific/Enderbury",
      "utcOffset": 780,
      "offsetStr": "+13:00",
      "countries": [
        "KI"
      ]
    },
    "Pacific/Kiritimati": {
      "name": "Pacific/Kiritimati",
      "utcOffset": 840,
      "offsetStr": "+14:00",
      "countries": [
        "KI"
      ]
    },
    "Asia/Pyongyang": {
      "name": "Asia/Pyongyang",
      "utcOffset": 510,
      "offsetStr": "+08:30",
      "countries": [
        "KP"
      ]
    },
    "Asia/Seoul": {
      "name": "Asia/Seoul",
      "utcOffset": 540,
      "offsetStr": "+09:00",
      "countries": [
        "KR"
      ]
    },
    "America/Cayman": {
      "name": "America/Cayman",
      "utcOffset": -300,
      "offsetStr": "-05:00",
      "countries": [
        "KY"
      ]
    },
    "Asia/Almaty": {
      "name": "Asia/Almaty",
      "utcOffset": 360,
      "offsetStr": "+06:00",
      "countries": [
        "KZ"
      ]
    },
    "Asia/Qyzylorda": {
      "name": "Asia/Qyzylorda",
      "utcOffset": 360,
      "offsetStr": "+06:00",
      "countries": [
        "KZ"
      ]
    },
    "Asia/Aqtobe": {
      "name": "Asia/Aqtobe",
      "utcOffset": 300,
      "offsetStr": "+05:00",
      "countries": [
        "KZ"
      ]
    },
    "Asia/Aqtau": {
      "name": "Asia/Aqtau",
      "utcOffset": 300,
      "offsetStr": "+05:00",
      "countries": [
        "KZ"
      ]
    },
    "Asia/Oral": {
      "name": "Asia/Oral",
      "utcOffset": 300,
      "offsetStr": "+05:00",
      "countries": [
        "KZ"
      ]
    },
    "Asia/Beirut": {
      "name": "Asia/Beirut",
      "utcOffset": 120,
      "offsetStr": "+02:00",
      "countries": [
        "LB"
      ]
    },
    "Asia/Colombo": {
      "name": "Asia/Colombo",
      "utcOffset": 330,
      "offsetStr": "+05:30",
      "countries": [
        "LK"
      ]
    },
    "Africa/Monrovia": {
      "name": "Africa/Monrovia",
      "utcOffset": 0,
      "offsetStr": "+00:00",
      "countries": [
        "LR"
      ]
    },
    "Europe/Vilnius": {
      "name": "Europe/Vilnius",
      "utcOffset": 120,
      "offsetStr": "+02:00",
      "countries": [
        "LT"
      ]
    },
    "Europe/Luxembourg": {
      "name": "Europe/Luxembourg",
      "utcOffset": 60,
      "offsetStr": "+01:00",
      "countries": [
        "LU"
      ]
    },
    "Europe/Riga": {
      "name": "Europe/Riga",
      "utcOffset": 120,
      "offsetStr": "+02:00",
      "countries": [
        "LV"
      ]
    },
    "Africa/Tripoli": {
      "name": "Africa/Tripoli",
      "utcOffset": 120,
      "offsetStr": "+02:00",
      "countries": [
        "LY"
      ]
    },
    "Africa/Casablanca": {
      "name": "Africa/Casablanca",
      "utcOffset": 0,
      "offsetStr": "+00:00",
      "countries": [
        "MA"
      ]
    },
    "Europe/Monaco": {
      "name": "Europe/Monaco",
      "utcOffset": 60,
      "offsetStr": "+01:00",
      "countries": [
        "MC"
      ]
    },
    "Europe/Chisinau": {
      "name": "Europe/Chisinau",
      "utcOffset": 120,
      "offsetStr": "+02:00",
      "countries": [
        "MD"
      ]
    },
    "Pacific/Majuro": {
      "name": "Pacific/Majuro",
      "utcOffset": 720,
      "offsetStr": "+12:00",
      "countries": [
        "MH"
      ]
    },
    "Pacific/Kwajalein": {
      "name": "Pacific/Kwajalein",
      "utcOffset": 720,
      "offsetStr": "+12:00",
      "countries": [
        "MH"
      ]
    },
    "Asia/Rangoon": {
      "name": "Asia/Rangoon",
      "utcOffset": 390,
      "offsetStr": "+06:30",
      "countries": [
        "MM"
      ]
    },
    "Asia/Ulaanbaatar": {
      "name": "Asia/Ulaanbaatar",
      "utcOffset": 480,
      "offsetStr": "+08:00",
      "countries": [
        "MN"
      ]
    },
    "Asia/Hovd": {
      "name": "Asia/Hovd",
      "utcOffset": 420,
      "offsetStr": "+07:00",
      "countries": [
        "MN"
      ]
    },
    "Asia/Choibalsan": {
      "name": "Asia/Choibalsan",
      "utcOffset": 480,
      "offsetStr": "+08:00",
      "countries": [
        "MN"
      ]
    },
    "Asia/Macau": {
      "name": "Asia/Macau",
      "utcOffset": 480,
      "offsetStr": "+08:00",
      "countries": [
        "MO"
      ]
    },
    "America/Martinique": {
      "name": "America/Martinique",
      "utcOffset": -240,
      "offsetStr": "-04:00",
      "countries": [
        "MQ"
      ]
    },
    "Europe/Malta": {
      "name": "Europe/Malta",
      "utcOffset": 60,
      "offsetStr": "+01:00",
      "countries": [
        "MT"
      ]
    },
    "Indian/Mauritius": {
      "name": "Indian/Mauritius",
      "utcOffset": 240,
      "offsetStr": "+04:00",
      "countries": [
        "MU"
      ]
    },
    "Indian/Maldives": {
      "name": "Indian/Maldives",
      "utcOffset": 300,
      "offsetStr": "+05:00",
      "countries": [
        "MV"
      ]
    },
    "America/Mexico_City": {
      "name": "America/Mexico_City",
      "utcOffset": -360,
      "offsetStr": "-06:00",
      "countries": [
        "MX"
      ]
    },
    "America/Cancun": {
      "name": "America/Cancun",
      "utcOffset": -300,
      "offsetStr": "-05:00",
      "countries": [
        "MX"
      ]
    },
    "America/Merida": {
      "name": "America/Merida",
      "utcOffset": -360,
      "offsetStr": "-06:00",
      "countries": [
        "MX"
      ]
    },
    "America/Monterrey": {
      "name": "America/Monterrey",
      "utcOffset": -360,
      "offsetStr": "-06:00",
      "countries": [
        "MX"
      ]
    },
    "America/Matamoros": {
      "name": "America/Matamoros",
      "utcOffset": -360,
      "offsetStr": "-06:00",
      "countries": [
        "MX"
      ]
    },
    "America/Mazatlan": {
      "name": "America/Mazatlan",
      "utcOffset": -420,
      "offsetStr": "-07:00",
      "countries": [
        "MX"
      ]
    },
    "America/Chihuahua": {
      "name": "America/Chihuahua",
      "utcOffset": -420,
      "offsetStr": "-07:00",
      "countries": [
        "MX"
      ]
    },
    "America/Ojinaga": {
      "name": "America/Ojinaga",
      "utcOffset": -420,
      "offsetStr": "-07:00",
      "countries": [
        "MX"
      ]
    },
    "America/Hermosillo": {
      "name": "America/Hermosillo",
      "utcOffset": -420,
      "offsetStr": "-07:00",
      "countries": [
        "MX"
      ]
    },
    "America/Tijuana": {
      "name": "America/Tijuana",
      "utcOffset": -480,
      "offsetStr": "-08:00",
      "countries": [
        "MX"
      ]
    },
    "America/Santa_Isabel": {
      "name": "America/Santa_Isabel",
      "utcOffset": -480,
      "offsetStr": "-08:00",
      "countries": [
        "MX"
      ]
    },
    "America/Bahia_Banderas": {
      "name": "America/Bahia_Banderas",
      "utcOffset": -360,
      "offsetStr": "-06:00",
      "countries": [
        "MX"
      ]
    },
    "Asia/Kuala_Lumpur": {
      "name": "Asia/Kuala_Lumpur",
      "utcOffset": 480,
      "offsetStr": "+08:00",
      "countries": [
        "MY"
      ]
    },
    "Asia/Kuching": {
      "name": "Asia/Kuching",
      "utcOffset": 480,
      "offsetStr": "+08:00",
      "countries": [
        "MY"
      ]
    },
    "Africa/Maputo": {
      "name": "Africa/Maputo",
      "utcOffset": 120,
      "offsetStr": "+02:00",
      "countries": [
        "MZ",
        "BI",
        "BW",
        "CD",
        "MW",
        "RW",
        "ZM",
        "ZW"
      ]
    },
    "Africa/Windhoek": {
      "name": "Africa/Windhoek",
      "utcOffset": 120,
      "offsetStr": "+02:00",
      "countries": [
        "NA"
      ]
    },
    "Pacific/Noumea": {
      "name": "Pacific/Noumea",
      "utcOffset": 660,
      "offsetStr": "+11:00",
      "countries": [
        "NC"
      ]
    },
    "Pacific/Norfolk": {
      "name": "Pacific/Norfolk",
      "utcOffset": 660,
      "offsetStr": "+11:00",
      "countries": [
        "NF"
      ]
    },
    "Africa/Lagos": {
      "name": "Africa/Lagos",
      "utcOffset": 60,
      "offsetStr": "+01:00",
      "countries": [
        "NG",
        "AO",
        "BJ",
        "CD",
        "CF",
        "CG",
        "CM",
        "GA",
        "GQ",
        "NE"
      ]
    },
    "America/Managua": {
      "name": "America/Managua",
      "utcOffset": -360,
      "offsetStr": "-06:00",
      "countries": [
        "NI"
      ]
    },
    "Europe/Amsterdam": {
      "name": "Europe/Amsterdam",
      "utcOffset": 60,
      "offsetStr": "+01:00",
      "countries": [
        "NL"
      ]
    },
    "Europe/Oslo": {
      "name": "Europe/Oslo",
      "utcOffset": 60,
      "offsetStr": "+01:00",
      "countries": [
        "NO",
        "SJ"
      ]
    },
    "Asia/Kathmandu": {
      "name": "Asia/Kathmandu",
      "utcOffset": 345,
      "offsetStr": "+05:45",
      "countries": [
        "NP"
      ]
    },
    "Pacific/Nauru": {
      "name": "Pacific/Nauru",
      "utcOffset": 720,
      "offsetStr": "+12:00",
      "countries": [
        "NR"
      ]
    },
    "Pacific/Niue": {
      "name": "Pacific/Niue",
      "utcOffset": -660,
      "offsetStr": "-11:00",
      "countries": [
        "NU"
      ]
    },
    "Pacific/Auckland": {
      "name": "Pacific/Auckland",
      "utcOffset": 780,
      "offsetStr": "+13:00",
      "countries": [
        "NZ",
        "AQ"
      ]
    },
    "Pacific/Chatham": {
      "name": "Pacific/Chatham",
      "utcOffset": 825,
      "offsetStr": "+13:45",
      "countries": [
        "NZ"
      ]
    },
    "America/Panama": {
      "name": "America/Panama",
      "utcOffset": -300,
      "offsetStr": "-05:00",
      "countries": [
        "PA"
      ]
    },
    "America/Lima": {
      "name": "America/Lima",
      "utcOffset": -300,
      "offsetStr": "-05:00",
      "countries": [
        "PE"
      ]
    },
    "Pacific/Tahiti": {
      "name": "Pacific/Tahiti",
      "utcOffset": -600,
      "offsetStr": "-10:00",
      "countries": [
        "PF"
      ]
    },
    "Pacific/Marquesas": {
      "name": "Pacific/Marquesas",
      "utcOffset": -570,
      "offsetStr": "-09:30",
      "countries": [
        "PF"
      ]
    },
    "Pacific/Gambier": {
      "name": "Pacific/Gambier",
      "utcOffset": -540,
      "offsetStr": "-09:00",
      "countries": [
        "PF"
      ]
    },
    "Pacific/Port_Moresby": {
      "name": "Pacific/Port_Moresby",
      "utcOffset": 600,
      "offsetStr": "+10:00",
      "countries": [
        "PG"
      ]
    },
    "Pacific/Bougainville": {
      "name": "Pacific/Bougainville",
      "utcOffset": 660,
      "offsetStr": "+11:00",
      "countries": [
        "PG"
      ]
    },
    "Asia/Manila": {
      "name": "Asia/Manila",
      "utcOffset": 480,
      "offsetStr": "+08:00",
      "countries": [
        "PH"
      ]
    },
    "Asia/Karachi": {
      "name": "Asia/Karachi",
      "utcOffset": 300,
      "offsetStr": "+05:00",
      "countries": [
        "PK"
      ]
    },
    "Europe/Warsaw": {
      "name": "Europe/Warsaw",
      "utcOffset": 60,
      "offsetStr": "+01:00",
      "countries": [
        "PL"
      ]
    },
    "America/Miquelon": {
      "name": "America/Miquelon",
      "utcOffset": -180,
      "offsetStr": "-03:00",
      "countries": [
        "PM"
      ]
    },
    "Pacific/Pitcairn": {
      "name": "Pacific/Pitcairn",
      "utcOffset": -480,
      "offsetStr": "-08:00",
      "countries": [
        "PN"
      ]
    },
    "America/Puerto_Rico": {
      "name": "America/Puerto_Rico",
      "utcOffset": -240,
      "offsetStr": "-04:00",
      "countries": [
        "PR"
      ]
    },
    "Asia/Gaza": {
      "name": "Asia/Gaza",
      "utcOffset": 120,
      "offsetStr": "+02:00",
      "countries": [
        "PS"
      ]
    },
    "Asia/Hebron": {
      "name": "Asia/Hebron",
      "utcOffset": 120,
      "offsetStr": "+02:00",
      "countries": [
        "PS"
      ]
    },
    "Europe/Lisbon": {
      "name": "Europe/Lisbon",
      "utcOffset": 0,
      "offsetStr": "+00:00",
      "countries": [
        "PT"
      ]
    },
    "Atlantic/Madeira": {
      "name": "Atlantic/Madeira",
      "utcOffset": 0,
      "offsetStr": "+00:00",
      "countries": [
        "PT"
      ]
    },
    "Atlantic/Azores": {
      "name": "Atlantic/Azores",
      "utcOffset": -60,
      "offsetStr": "-01:00",
      "countries": [
        "PT"
      ]
    },
    "Pacific/Palau": {
      "name": "Pacific/Palau",
      "utcOffset": 540,
      "offsetStr": "+09:00",
      "countries": [
        "PW"
      ]
    },
    "America/Asuncion": {
      "name": "America/Asuncion",
      "utcOffset": -180,
      "offsetStr": "-03:00",
      "countries": [
        "PY"
      ]
    },
    "Asia/Qatar": {
      "name": "Asia/Qatar",
      "utcOffset": 180,
      "offsetStr": "+03:00",
      "countries": [
        "QA",
        "BH"
      ]
    },
    "Indian/Reunion": {
      "name": "Indian/Reunion",
      "utcOffset": 240,
      "offsetStr": "+04:00",
      "countries": [
        "RE",
        "TF"
      ]
    },
    "Europe/Bucharest": {
      "name": "Europe/Bucharest",
      "utcOffset": 120,
      "offsetStr": "+02:00",
      "countries": [
        "RO"
      ]
    },
    "Europe/Belgrade": {
      "name": "Europe/Belgrade",
      "utcOffset": 60,
      "offsetStr": "+01:00",
      "countries": [
        "RS",
        "BA",
        "HR",
        "ME",
        "MK",
        "SI"
      ]
    },
    "Europe/Kaliningrad": {
      "name": "Europe/Kaliningrad",
      "utcOffset": 120,
      "offsetStr": "+02:00",
      "countries": [
        "RU"
      ]
    },
    "Europe/Moscow": {
      "name": "Europe/Moscow",
      "utcOffset": 180,
      "offsetStr": "+03:00",
      "countries": [
        "RU"
      ]
    },
    "Europe/Simferopol": {
      "name": "Europe/Simferopol",
      "utcOffset": 180,
      "offsetStr": "+03:00",
      "countries": [
        "RU"
      ]
    },
    "Europe/Volgograd": {
      "name": "Europe/Volgograd",
      "utcOffset": 180,
      "offsetStr": "+03:00",
      "countries": [
        "RU"
      ]
    },
    "Europe/Samara": {
      "name": "Europe/Samara",
      "utcOffset": 240,
      "offsetStr": "+04:00",
      "countries": [
        "RU"
      ]
    },
    "Asia/Yekaterinburg": {
      "name": "Asia/Yekaterinburg",
      "utcOffset": 300,
      "offsetStr": "+05:00",
      "countries": [
        "RU"
      ]
    },
    "Asia/Omsk": {
      "name": "Asia/Omsk",
      "utcOffset": 360,
      "offsetStr": "+06:00",
      "countries": [
        "RU"
      ]
    },
    "Asia/Novosibirsk": {
      "name": "Asia/Novosibirsk",
      "utcOffset": 360,
      "offsetStr": "+06:00",
      "countries": [
        "RU"
      ]
    },
    "Asia/Novokuznetsk": {
      "name": "Asia/Novokuznetsk",
      "utcOffset": 420,
      "offsetStr": "+07:00",
      "countries": [
        "RU"
      ]
    },
    "Asia/Krasnoyarsk": {
      "name": "Asia/Krasnoyarsk",
      "utcOffset": 420,
      "offsetStr": "+07:00",
      "countries": [
        "RU"
      ]
    },
    "Asia/Irkutsk": {
      "name": "Asia/Irkutsk",
      "utcOffset": 480,
      "offsetStr": "+08:00",
      "countries": [
        "RU"
      ]
    },
    "Asia/Chita": {
      "name": "Asia/Chita",
      "utcOffset": 480,
      "offsetStr": "+08:00",
      "countries": [
        "RU"
      ]
    },
    "Asia/Yakutsk": {
      "name": "Asia/Yakutsk",
      "utcOffset": 540,
      "offsetStr": "+09:00",
      "countries": [
        "RU"
      ]
    },
    "Asia/Khandyga": {
      "name": "Asia/Khandyga",
      "utcOffset": 540,
      "offsetStr": "+09:00",
      "countries": [
        "RU"
      ]
    },
    "Asia/Vladivostok": {
      "name": "Asia/Vladivostok",
      "utcOffset": 600,
      "offsetStr": "+10:00",
      "countries": [
        "RU"
      ]
    },
    "Asia/Sakhalin": {
      "name": "Asia/Sakhalin",
      "utcOffset": 600,
      "offsetStr": "+10:00",
      "countries": [
        "RU"
      ]
    },
    "Asia/Ust-Nera": {
      "name": "Asia/Ust-Nera",
      "utcOffset": 600,
      "offsetStr": "+10:00",
      "countries": [
        "RU"
      ]
    },
    "Asia/Magadan": {
      "name": "Asia/Magadan",
      "utcOffset": 600,
      "offsetStr": "+10:00",
      "countries": [
        "RU"
      ]
    },
    "Asia/Srednekolymsk": {
      "name": "Asia/Srednekolymsk",
      "utcOffset": 660,
      "offsetStr": "+11:00",
      "countries": [
        "RU"
      ]
    },
    "Asia/Kamchatka": {
      "name": "Asia/Kamchatka",
      "utcOffset": 720,
      "offsetStr": "+12:00",
      "countries": [
        "RU"
      ]
    },
    "Asia/Anadyr": {
      "name": "Asia/Anadyr",
      "utcOffset": 720,
      "offsetStr": "+12:00",
      "countries": [
        "RU"
      ]
    },
    "Asia/Riyadh": {
      "name": "Asia/Riyadh",
      "utcOffset": 180,
      "offsetStr": "+03:00",
      "countries": [
        "SA",
        "KW",
        "YE"
      ]
    },
    "Pacific/Guadalcanal": {
      "name": "Pacific/Guadalcanal",
      "utcOffset": 660,
      "offsetStr": "+11:00",
      "countries": [
        "SB"
      ]
    },
    "Indian/Mahe": {
      "name": "Indian/Mahe",
      "utcOffset": 240,
      "offsetStr": "+04:00",
      "countries": [
        "SC"
      ]
    },
    "Africa/Khartoum": {
      "name": "Africa/Khartoum",
      "utcOffset": 180,
      "offsetStr": "+03:00",
      "countries": [
        "SD",
        "SS"
      ]
    },
    "Europe/Stockholm": {
      "name": "Europe/Stockholm",
      "utcOffset": 60,
      "offsetStr": "+01:00",
      "countries": [
        "SE"
      ]
    },
    "Asia/Singapore": {
      "name": "Asia/Singapore",
      "utcOffset": 480,
      "offsetStr": "+08:00",
      "countries": [
        "SG"
      ]
    },
    "America/Paramaribo": {
      "name": "America/Paramaribo",
      "utcOffset": -180,
      "offsetStr": "-03:00",
      "countries": [
        "SR"
      ]
    },
    "America/El_Salvador": {
      "name": "America/El_Salvador",
      "utcOffset": -360,
      "offsetStr": "-06:00",
      "countries": [
        "SV"
      ]
    },
    "Asia/Damascus": {
      "name": "Asia/Damascus",
      "utcOffset": 120,
      "offsetStr": "+02:00",
      "countries": [
        "SY"
      ]
    },
    "America/Grand_Turk": {
      "name": "America/Grand_Turk",
      "utcOffset": -240,
      "offsetStr": "-04:00",
      "countries": [
        "TC"
      ]
    },
    "Africa/Ndjamena": {
      "name": "Africa/Ndjamena",
      "utcOffset": 60,
      "offsetStr": "+01:00",
      "countries": [
        "TD"
      ]
    },
    "Indian/Kerguelen": {
      "name": "Indian/Kerguelen",
      "utcOffset": 300,
      "offsetStr": "+05:00",
      "countries": [
        "TF"
      ]
    },
    "Asia/Bangkok": {
      "name": "Asia/Bangkok",
      "utcOffset": 420,
      "offsetStr": "+07:00",
      "countries": [
        "TH",
        "KH",
        "LA",
        "VN"
      ]
    },
    "Asia/Dushanbe": {
      "name": "Asia/Dushanbe",
      "utcOffset": 300,
      "offsetStr": "+05:00",
      "countries": [
        "TJ"
      ]
    },
    "Pacific/Fakaofo": {
      "name": "Pacific/Fakaofo",
      "utcOffset": 780,
      "offsetStr": "+13:00",
      "countries": [
        "TK"
      ]
    },
    "Asia/Dili": {
      "name": "Asia/Dili",
      "utcOffset": 540,
      "offsetStr": "+09:00",
      "countries": [
        "TL"
      ]
    },
    "Asia/Ashgabat": {
      "name": "Asia/Ashgabat",
      "utcOffset": 300,
      "offsetStr": "+05:00",
      "countries": [
        "TM"
      ]
    },
    "Africa/Tunis": {
      "name": "Africa/Tunis",
      "utcOffset": 60,
      "offsetStr": "+01:00",
      "countries": [
        "TN"
      ]
    },
    "Pacific/Tongatapu": {
      "name": "Pacific/Tongatapu",
      "utcOffset": 780,
      "offsetStr": "+13:00",
      "countries": [
        "TO"
      ]
    },
    "Europe/Istanbul": {
      "name": "Europe/Istanbul",
      "utcOffset": 120,
      "offsetStr": "+02:00",
      "countries": [
        "TR"
      ]
    },
    "America/Port_of_Spain": {
      "name": "America/Port_of_Spain",
      "utcOffset": -240,
      "offsetStr": "-04:00",
      "countries": [
        "TT",
        "AG",
        "AI",
        "BL",
        "DM",
        "GD",
        "GP",
        "KN",
        "LC",
        "MF",
        "MS",
        "VC",
        "VG",
        "VI"
      ]
    },
    "Pacific/Funafuti": {
      "name": "Pacific/Funafuti",
      "utcOffset": 720,
      "offsetStr": "+12:00",
      "countries": [
        "TV"
      ]
    },
    "Asia/Taipei": {
      "name": "Asia/Taipei",
      "utcOffset": 480,
      "offsetStr": "+08:00",
      "countries": [
        "TW"
      ]
    },
    "Europe/Kiev": {
      "name": "Europe/Kiev",
      "utcOffset": 120,
      "offsetStr": "+02:00",
      "countries": [
        "UA"
      ]
    },
    "Europe/Uzhgorod": {
      "name": "Europe/Uzhgorod",
      "utcOffset": 120,
      "offsetStr": "+02:00",
      "countries": [
        "UA"
      ]
    },
    "Europe/Zaporozhye": {
      "name": "Europe/Zaporozhye",
      "utcOffset": 120,
      "offsetStr": "+02:00",
      "countries": [
        "UA"
      ]
    },
    "Pacific/Wake": {
      "name": "Pacific/Wake",
      "utcOffset": 720,
      "offsetStr": "+12:00",
      "countries": [
        "UM"
      ]
    },
    "America/New_York": {
      "name": "America/New_York",
      "utcOffset": -300,
      "offsetStr": "-05:00",
      "countries": [
        "US"
      ]
    },
    "America/Detroit": {
      "name": "America/Detroit",
      "utcOffset": -300,
      "offsetStr": "-05:00",
      "countries": [
        "US"
      ]
    },
    "America/Kentucky/Louisville": {
      "name": "America/Kentucky/Louisville",
      "utcOffset": -300,
      "offsetStr": "-05:00",
      "countries": [
        "US"
      ]
    },
    "America/Kentucky/Monticello": {
      "name": "America/Kentucky/Monticello",
      "utcOffset": -300,
      "offsetStr": "-05:00",
      "countries": [
        "US"
      ]
    },
    "America/Indiana/Indianapolis": {
      "name": "America/Indiana/Indianapolis",
      "utcOffset": -300,
      "offsetStr": "-05:00",
      "countries": [
        "US"
      ]
    },
    "America/Indiana/Vincennes": {
      "name": "America/Indiana/Vincennes",
      "utcOffset": -300,
      "offsetStr": "-05:00",
      "countries": [
        "US"
      ]
    },
    "America/Indiana/Winamac": {
      "name": "America/Indiana/Winamac",
      "utcOffset": -300,
      "offsetStr": "-05:00",
      "countries": [
        "US"
      ]
    },
    "America/Indiana/Marengo": {
      "name": "America/Indiana/Marengo",
      "utcOffset": -300,
      "offsetStr": "-05:00",
      "countries": [
        "US"
      ]
    },
    "America/Indiana/Petersburg": {
      "name": "America/Indiana/Petersburg",
      "utcOffset": -300,
      "offsetStr": "-05:00",
      "countries": [
        "US"
      ]
    },
    "America/Indiana/Vevay": {
      "name": "America/Indiana/Vevay",
      "utcOffset": -300,
      "offsetStr": "-05:00",
      "countries": [
        "US"
      ]
    },
    "America/Chicago": {
      "name": "America/Chicago",
      "utcOffset": -360,
      "offsetStr": "-06:00",
      "countries": [
        "US"
      ]
    },
    "America/Indiana/Tell_City": {
      "name": "America/Indiana/Tell_City",
      "utcOffset": -360,
      "offsetStr": "-06:00",
      "countries": [
        "US"
      ]
    },
    "America/Indiana/Knox": {
      "name": "America/Indiana/Knox",
      "utcOffset": -360,
      "offsetStr": "-06:00",
      "countries": [
        "US"
      ]
    },
    "America/Menominee": {
      "name": "America/Menominee",
      "utcOffset": -360,
      "offsetStr": "-06:00",
      "countries": [
        "US"
      ]
    },
    "America/North_Dakota/Center": {
      "name": "America/North_Dakota/Center",
      "utcOffset": -360,
      "offsetStr": "-06:00",
      "countries": [
        "US"
      ]
    },
    "America/North_Dakota/New_Salem": {
      "name": "America/North_Dakota/New_Salem",
      "utcOffset": -360,
      "offsetStr": "-06:00",
      "countries": [
        "US"
      ]
    },
    "America/North_Dakota/Beulah": {
      "name": "America/North_Dakota/Beulah",
      "utcOffset": -360,
      "offsetStr": "-06:00",
      "countries": [
        "US"
      ]
    },
    "America/Denver": {
      "name": "America/Denver",
      "utcOffset": -420,
      "offsetStr": "-07:00",
      "countries": [
        "US"
      ]
    },
    "America/Boise": {
      "name": "America/Boise",
      "utcOffset": -420,
      "offsetStr": "-07:00",
      "countries": [
        "US"
      ]
    },
    "America/Phoenix": {
      "name": "America/Phoenix",
      "utcOffset": -420,
      "offsetStr": "-07:00",
      "countries": [
        "US"
      ]
    },
    "America/Los_Angeles": {
      "name": "America/Los_Angeles",
      "utcOffset": -480,
      "offsetStr": "-08:00",
      "countries": [
        "US"
      ]
    },
    "America/Metlakatla": {
      "name": "America/Metlakatla",
      "utcOffset": -480,
      "offsetStr": "-08:00",
      "countries": [
        "US"
      ]
    },
    "America/Anchorage": {
      "name": "America/Anchorage",
      "utcOffset": -540,
      "offsetStr": "-09:00",
      "countries": [
        "US"
      ]
    },
    "America/Juneau": {
      "name": "America/Juneau",
      "utcOffset": -540,
      "offsetStr": "-09:00",
      "countries": [
        "US"
      ]
    },
    "America/Sitka": {
      "name": "America/Sitka",
      "utcOffset": -540,
      "offsetStr": "-09:00",
      "countries": [
        "US"
      ]
    },
    "America/Yakutat": {
      "name": "America/Yakutat",
      "utcOffset": -540,
      "offsetStr": "-09:00",
      "countries": [
        "US"
      ]
    },
    "America/Nome": {
      "name": "America/Nome",
      "utcOffset": -540,
      "offsetStr": "-09:00",
      "countries": [
        "US"
      ]
    },
    "America/Adak": {
      "name": "America/Adak",
      "utcOffset": -600,
      "offsetStr": "-10:00",
      "countries": [
        "US"
      ]
    },
    "Pacific/Honolulu": {
      "name": "Pacific/Honolulu",
      "utcOffset": -600,
      "offsetStr": "-10:00",
      "countries": [
        "US",
        "UM"
      ]
    },
    "America/Montevideo": {
      "name": "America/Montevideo",
      "utcOffset": -180,
      "offsetStr": "-03:00",
      "countries": [
        "UY"
      ]
    },
    "Asia/Samarkand": {
      "name": "Asia/Samarkand",
      "utcOffset": 300,
      "offsetStr": "+05:00",
      "countries": [
        "UZ"
      ]
    },
    "Asia/Tashkent": {
      "name": "Asia/Tashkent",
      "utcOffset": 300,
      "offsetStr": "+05:00",
      "countries": [
        "UZ"
      ]
    },
    "America/Caracas": {
      "name": "America/Caracas",
      "utcOffset": -270,
      "offsetStr": "-04:30",
      "countries": [
        "VE"
      ]
    },
    "Asia/Ho_Chi_Minh": {
      "name": "Asia/Ho_Chi_Minh",
      "utcOffset": 420,
      "offsetStr": "+07:00",
      "countries": [
        "VN"
      ]
    },
    "Pacific/Efate": {
      "name": "Pacific/Efate",
      "utcOffset": 660,
      "offsetStr": "+11:00",
      "countries": [
        "VU"
      ]
    },
    "Pacific/Wallis": {
      "name": "Pacific/Wallis",
      "utcOffset": 720,
      "offsetStr": "+12:00",
      "countries": [
        "WF"
      ]
    },
    "Pacific/Apia": {
      "name": "Pacific/Apia",
      "utcOffset": 840,
      "offsetStr": "+14:00",
      "countries": [
        "WS"
      ]
    },
    "Africa/Johannesburg": {
      "name": "Africa/Johannesburg",
      "utcOffset": 120,
      "offsetStr": "+02:00",
      "countries": [
        "ZA",
        "LS",
        "SZ"
      ]
    }
  }
}
